licensePlate,model,vehicleRouteType,tripId,lat,lon,shortName,From,To
V1579,TW 6000,TRAM,BKK_C3482173,47.468044,19.075573,24,Keleti pályaudvar M,Közvágóhíd H
V4063,Tátra T5C5K,TRAM,BKK_C3474326047,47.515163,19.0005,61,Móricz Zs. körtér M,Hűvösvölgy
LOV871,VanHool AG318 csuklós autóbusz,BUS,BKK_LOV871-aEqDyreKSYKcRAgRG6oC6w,47.42818,19.156445,,,
LOV872,VanHool AG318 csuklós autóbusz,BUS,,47.427055,19.15882,,,
V1580,TW 6000,TRAM,BKK_C34821318J,47.47078,19.092075,24,Keleti pályaudvar M,Közvágóhíd H
BPO221,Ikarus 412-es típusú autóbusz,BUS,,47.428432,19.15661,,,
LOV868,VanHool AG318 csuklós autóbusz,BUS,,47.4282,19.15798,,,
LOV869,VanHool AG318 csuklós autóbusz,BUS,,47.42861,19.156,,,
MPW619,VanHool A330 CNG típusú szóló autóbusz,BUS,,47.427925,19.159044,,,
MOS275,"Volvo 7900 csuklós (Volán, helyi, 4 ajt)",BUS,,47.490265,19.337404,,,
MPW618,VanHool A330 CNG típusú szóló autóbusz,BUS,,47.4281,19.157045,,,
V2208,CAF 5 modulos szerelvény,TRAM,,47.465584,19.12289,3,Mexikói út M,Gubacsi út / Határ út
MPW621,VanHool A330 CNG típusú szóló autóbusz,BUS,,47.426746,19.159271,,,
MPW620,VanHool A330 CNG típusú szóló autóbusz,BUS,,47.42791,19.157251,,,
V2205,CAF 5 modulos szerelvény,TRAM,BKK_C349541365,47.5191,19.091326,3,Mexikói út M,Gubacsi út / Határ út
LOV875,VanHool AG318 csuklós autóbusz,BUS,,47.427765,19.157661,,,
V1582,TW 6000,TRAM,,47.47044,19.089815,28A,Új köztemető (Kozma u.),Blaha Lujza tér M
V4216,Tátra T5C5K,TRAM,,47.55128,19.092701,14,"Káp.megyer, Megyeri út",Lehel tér M
V2204,CAF 5 modulos szerelvény,TRAM,,47.465424,19.122355,3,Mexikói út M,Gubacsi út / Határ út
MOS273,"Volvo 7900 csuklós (Volán, helyi, 4 ajt)",BUS,,47.46435,19.105865,,,
V1445,Ganz csuklós,TRAM,BKK_C218463662J,47.474438,19.046654,47,Városház tér,Deák Ferenc tér M
923,MXA,SUBURBAN_RAILWAY,BKK_H1241_340,47.522793,19.223673,H8,Gödöllő,Örs vezér tere
LOV881,VanHool AG318 csuklós autóbusz,BUS,BKK_C382824,47.442604,19.122482,923,Békásmegyer H,Dél-pesti autóbuszgarázs
NBW003,MERCEDES Conecto szóló (BKV),BUS,,47.504684,19.192036,,,
V1589,TW 6000,TRAM,BKK_C34821285J,47.47115,19.092834,24,Keleti pályaudvar M,Közvágóhíd H
MPW624,VanHool A330 CNG típusú szóló autóbusz,BUS,,47.42702,19.15906,,,
NBW005,MERCEDES Conecto szóló (BKV),BUS,BKK_C348544,47.53272,19.17647,931,"Árpádföld, Dezsőfia utca",Nyugati pályaudvar M
MPW623,VanHool A330 CNG típusú szóló autóbusz,BUS,,47.428,19.158625,,,
LOV878,VanHool AG318 csuklós autóbusz,BUS,BKK_C3828212,47.556206,19.045452,923,Békásmegyer H,Dél-pesti autóbuszgarázs
BPO231,Ikarus 412-es típusú autóbusz,BUS,BKK_C3691011983,47.453697,19.229843,98,Rákoscsaba vasútállomás,Kőbánya-Kispest M
V2219,CAF 5 modulos szerelvény,TRAM,BKK_C349541341,47.47619,19.119354,3,Mexikói út M,Gubacsi út / Határ út
BPO422,Ikarus 280-as típusú autóbusz,BUS,BKK_C3781025926,47.4275,19.159378,85,Kőbánya-Kispest M,Örs vezér tere M H
MPW631,VanHool A330 CNG típusú szóló autóbusz,BUS,,47.42618,19.158875,,,
V4229,Tátra T5C5K,TRAM,,47.552155,19.09247,14,"Káp.megyer, Megyeri út",Lehel tér M
V2215,CAF 5 modulos szerelvény,TRAM,BKK_C349543793J,47.46325,19.125834,3,Mexikói út M,Gubacsi út / Határ út
NBW006,MERCEDES Conecto szóló (BKV),BUS,BKK_C347073,47.560425,19.090633,996,Cinkotai autóbuszgarázs,Újpest-központ M
MPW628,VanHool A330 CNG típusú szóló autóbusz,BUS,,47.426037,19.158491,,,
NBW009,MERCEDES Conecto szóló (BKV),BUS,,47.499763,19.083914,,,
V1559,TW 6000,TRAM,,47.47048,19.093239,,,
LOV851,VanHool AG318 csuklós autóbusz,BUS,,47.56444,19.110802,,,
MUT895,VanHool  NewAG300 csuklós autóbusz,BUS,,47.413277,19.13596,,,
V1564,TW 6000,TRAM,,47.479115,19.089249,,,
MUT894,VanHool  NewAG300 csuklós autóbusz,BUS,BKK_C382827,47.49213,19.07121,923,Békásmegyer H,Dél-pesti autóbuszgarázs
LOV853,VanHool AG318 csuklós autóbusz,BUS,BKK_C3828226,47.475647,19.069649,923,Békásmegyer H,Dél-pesti autóbuszgarázs
V1563,TW 6000,TRAM,BKK_C175521392,47.433098,19.11162,52,"P.erzsébet, Pacsirtatelep",Határ út M
V4052,Tátra T5C5K,TRAM,,47.552517,19.092846,14,"Káp.megyer, Megyeri út",Lehel tér M
MUT897,VanHool  NewAG300 csuklós autóbusz,BUS,,47.42711,19.159609,,,
V1570,TW 6000,TRAM,,47.470345,19.092293,,,
MOS258,"Volvo 7900 csuklós (Volán, helyi, 4 ajt)",BUS,,47.50747,19.112822,,,
V2104,CAF 9 modulos szerelvény,TRAM,,47.492306,19.104504,,,
MUT900,VanHool  NewAG300 csuklós autóbusz,BUS,BKK_MUT900-OxszLvZhSNyfrn-62yTE8g,47.426525,19.15794,,,
V4325,Tátra T5C5,TRAM,BKK_C348931160J,47.491554,19.092249,1,Kelenföld vasútállomás M,Bécsi út / Vörösvári út
V2103,CAF 9 modulos szerelvény,TRAM,BKK_C348931070J,47.490665,19.099707,1,Kelenföld vasútállomás M,Bécsi út / Vörösvári út
MUT899,VanHool  NewAG300 csuklós autóbusz,BUS,BKK_MUT899-tOnbWYvVSzG2SLgwU5RNqQ,47.42687,19.159193,,,
LOV858,VanHool AG318 csuklós autóbusz,BUS,BKK_C3828231,47.4239,19.13129,923,Békásmegyer H,Dél-pesti autóbuszgarázs
BPO561,Ikarus 435-ös típusú autóbusz,BUS,,47.499557,19.236317,,,
V1437,Ganz csuklós,TRAM,BKK_C36350565,47.46983,19.025486,49,Kelenföld vasútállomás M,Deák Ferenc tér M
V2110,CAF 9 modulos szerelvény,TRAM,,47.49042,19.108866,,,
MUU906,VanHool  NewAG300 csuklós autóbusz,BUS,,47.600334,19.057318,,,
V2109,CAF 9 modulos szerelvény,TRAM,BKK_C348934920,47.472507,19.09573,1,Kelenföld vasútállomás M,Bécsi út / Vörösvári út
MOS265,"Volvo 7900 csuklós (Volán, helyi, 4 ajt)",BUS,BKK_MOS265-0kPqhwpkThOVyE8zsUIOuw,47.477596,19.34313,,,
V4206,Tátra T5C5K,TRAM,,47.45052,19.037958,,,
V2105,CAF 9 modulos szerelvény,TRAM,,47.440662,19.034683,1,Kelenföld vasútállomás M,Bécsi út / Vörösvári út
LOV865,VanHool AG318 csuklós autóbusz,BUS,,47.42768,19.159899,,,
MUU904,VanHool  NewAG300 csuklós autóbusz,BUS,BKK_C38238121,47.407715,19.18768,950,"Rákospalota, Kossuth utca",Pestszentimre vasútáll.
V4329,Tátra T5C5K,TRAM,BKK_C36352511,47.441666,18.982449,41,Kamaraerdei Ifj. Park,Bécsi út / Vörösvári út
V2107,CAF 9 modulos szerelvény,TRAM,BKK_C348934921,47.462437,19.04262,1,Kelenföld vasútállomás M,Bécsi út / Vörösvári út
MUU903,VanHool  NewAG300 csuklós autóbusz,BUS,BKK_C37690544,47.46508,19.127165,50,Lajosmizsei sorompó,Határ út M
MOS256,"Volvo 7900 csuklós (Volán, helyi, 4 ajt)",BUS,BKK_C338141929,47.430855,19.070911,38,Szigetszentmiklós,"Csepel, Szent Imre tér"
V4142,Tátra T5C5K,TRAM,BKK_C348095517,47.502666,19.024168,59,Márton Áron tér,Szent János Kórház
MRZ399,"MAN A21 szóló (Volán, helyi, 3 ajtós)",BUS,,47.471733,19.093948,,,
MRZ245,"MAN A21 szóló (Volán, helyi, 3 ajtós)",BUS,,47.36084,18.905762,,,
V4144,Tátra T5C5K,TRAM,,47.55114,19.092741,,,
V4147,Tátra T5C5K,TRAM,BKK_C363526155J,47.544453,19.035452,1,Kelenföld vasútállomás M,Bécsi út / Vörösvári út
MUT884,VanHool  NewAG300 csuklós autóbusz,BUS,,47.427082,19.15889,,,
MZC880,MB Citaro C2-S1 szóló autóbusz,BUS,,47.57132,19.135998,,,
PKD002,Ikarus 127V típusú szóló autóbusz,BUS,,47.47348,19.027699,,,
PDN610,MAN Lions City A21 (ArrivaBus),BUS,BKK_C291032322,47.41667,19.001482,114,"Baross G.-telep, Ispiláng u.",Móricz Zs. körtér M
LYH130,MERCEDES Citaro O 530 (BKV spec.),BUS,,47.595867,19.054356,960,"B.megyer, Újmegyeri tér",Móricz Zs. körtér M
BPI181,Ikarus 280-as típusú autóbusz,BUS,,47.42846,19.156954,,,
PDN615,MAN Lions City A21 (ArrivaBus),BUS,,47.441204,18.99964,,,
PDN614,MAN Lions City A21 (ArrivaBus),BUS,,47.458355,19.028288,,,
V4281,Tátra T5C5K,TRAM,,47.490147,19.089844,,,
V4284,Tátra T5C5K,TRAM,,47.52432,19.079836,,,
PDN626,MAN Lions City A21 (ArrivaBus),BUS,BKK_PDN626-QaUv0kHWSHeVtj85kRf9Fg,47.457912,19.027948,,,
PDN624,MAN Lions City A21 (ArrivaBus),BUS,BKK_PDN624-HpR8_SkvRGW4ex4eU-1s2g,47.458183,19.027758,,,
PDN623,MAN Lions City A21 (ArrivaBus),BUS,BKK_C34475651,47.457664,19.02877,141,Savoya Park,Kelenföld vasútállomás M
PDB386,MERCEDES Conecto szóló (BKV),BUS,BKK_C347076,47.53051,19.177969,996A,Cinkotai autóbuszgarázs,Újpest-központ M
PDB387,MERCEDES Conecto szóló (BKV),BUS,BKK_C373703,47.452644,19.228842,980,Dél-pesti autóbuszgarázs,"Rákoskeresztúr, városkp."
V4257,Tátra T5C5K,TRAM,,47.55107,19.091562,,,
V4251,Tátra T5C5K,TRAM,,47.55257,19.09319,14,"Káp.megyer, Megyeri út",Lehel tér M
LYH111,MERCEDES Citaro O 530 (BKV spec.),BUS,,47.56785,19.03023,,,
NCA431,MERCEDES Conecto csuklós,BUS,,47.44312,19.082184,,,
PHG656,"Volvo hibrid szóló (BKV, 3 ajt) autóbusz",BUS,BKK_PHG656-zID1YWmMT7eJ9cCN75kDqQ,47.50169,19.234825,,,
PDB384,MERCEDES Conecto szóló (BKV),BUS,BKK_C3485416,47.4968,19.06975,931,"Árpádföld, Dezsőfia utca",Nyugati pályaudvar M
PDB385,MERCEDES Conecto szóló (BKV),BUS,BKK_C352481484,47.499237,19.236969,198,"R.csaba-Újtelep, Tóalmás u.",Dél-pesti autóbuszgarázs
NCA437,MERCEDES Conecto csuklós,BUS,BKK_NCA437-6gIC1nP8QJOadcE44aSDOQ,47.456875,19.033352,,,
PDB382,MERCEDES Conecto szóló (BKV),BUS,,47.500618,19.236591,,,
NCA438,MERCEDES Conecto csuklós,BUS,BKK_NCA438-rmnA4CIGSxaZ7stkkP10BQ,47.458855,19.026857,,,
NCA435,MERCEDES Conecto csuklós,BUS,BKK_C38109484,47.432972,19.26282,100E,Liszt Ferenc Airport 2,Deák Ferenc tér M
NCA436,MERCEDES Conecto csuklós,BUS,BKK_C38109480,47.478043,19.048054,100E,Liszt Ferenc Airport 2,Deák Ferenc tér M
PDB381,MERCEDES Conecto szóló (BKV),BUS,BKK_PDB381-eov8XeO4S4iQ0C966xmDSw,47.49924,19.236914,,,
PDB379,MERCEDES Conecto szóló (BKV),BUS,,47.49907,19.236067,,,
LYH125,MERCEDES Citaro O 530 (BKV spec.),BUS,BKK_C3556576,47.5506,19.043957,934,Békásmegyer H,Nyugati pályaudvar M
LYH127,MERCEDES Citaro O 530 (BKV spec.),BUS,,47.568275,19.029078,,,
LYH123,MERCEDES Citaro O 530 (BKV spec.),BUS,BKK_C3570719,47.48707,19.02406,960,"B.megyer, Újmegyeri tér",Móricz Zs. körtér M
V4112,Tátra T5C5K,TRAM,,47.551865,19.09344,,,
PDB388,MERCEDES Conecto szóló (BKV),BUS,BKK_C3710612,47.48599,19.208729,990,Rákoskert,Normafa
LYH118,MERCEDES Citaro O 530 (BKV spec.),BUS,,47.567955,19.03167,,,
LYH119,MERCEDES Citaro O 530 (BKV spec.),BUS,,47.56845,19.029762,,,
PKN609,MERCEDES Conecto szóló (BKV),BUS,BKK_C350872102,47.499313,19.23737,44,Centenáriumi lakótelep,Örs vezér tere M H
PDN604,MAN Lions City A21 (ArrivaBus),BUS,BKK_C291032316,47.449013,19.037762,213,Donát-hegy,Móricz Zs. körtér M
PKN608,MERCEDES Conecto szóló (BKV),BUS,,47.500767,19.235409,,,
PDB389,MERCEDES Conecto szóló (BKV),BUS,BKK_C34382184,47.499542,19.102558,908,Cinkotai autóbuszgarázs,Móricz Zs. körtér M
PKN603,MERCEDES Conecto szóló (BKV),BUS,BKK_C348973,47.489395,19.27746,998,"Rákoskeresztúr, városközp.","Rákoskeresztúr, városközp."
PDB723,MERCEDES Conecto csuklós,BUS,BKK_C382811240,47.428787,19.16633,914,"Káp.megyer, Mogyoródi-p.",Dél-pesti autóbuszgarázs
PXZ877,MAN Lions City GL NG313 csuklós busz,BUS,,47.428177,19.159206,,,
NGC146,MERCEDES Citaro O 530 (BKV spec.),BUS,,47.568653,19.03,,,
PDB721,MERCEDES Conecto csuklós,BUS,,47.567204,19.030699,,,
941,MXA,SUBURBAN_RAILWAY,BKK_H5000_332,47.54827,19.263727,H8,Gödöllő,Örs vezér tere
PDB718,MERCEDES Conecto csuklós,BUS,,47.567173,19.030945,,,
PDB719,MERCEDES Conecto csuklós,BUS,BKK_C382811182,47.4909,19.061544,914,"Káp.megyer, Mogyoródi-p.",Dél-pesti autóbuszgarázs
PXZ876,MAN Lions City GL NG313 csuklós busz,BUS,,47.42738,19.159191,,,
PDB716,MERCEDES Conecto csuklós,BUS,BKK_C382811234,47.477123,19.100779,914,"Káp.megyer, Mogyoródi-p.",Dél-pesti autóbuszgarázs
NGC151,MERCEDES Citaro O 530 (BKV spec.),BUS,,47.56783,19.032118,,,
NGC145,MERCEDES Citaro O 530 (BKV spec.),BUS,,47.54912,19.028902,,,
NAY341,MAN Lions City A21 (ArrivaBus),BUS,,47.44307,19.082342,,,
NCZ576,Volvo szóló autóbusz,BUS,BKK_C3438235,47.477108,18.98812,908,Cinkotai autóbuszgarázs,Móricz Zs. körtér M
PHG636,"Volvo hibrid szóló (BKV, 3 ajt) autóbusz",BUS,,47.50166,19.235048,,,
PDB377,MERCEDES Conecto szóló (BKV),BUS,,47.500423,19.236515,,,
NCA430,MERCEDES Conecto csuklós,BUS,BKK_NCA430-u7jFtHTLQIqJ0cH8FlSxNA,47.442898,19.082191,,,
PDZ836,MERCEDES O530 Citaro G csuklós autóbusz,BUS,BKK_C3823822,47.53187,19.067715,950,"Rákospalota, Kossuth utca",Pestszentimre vasútáll.
PDB376,MERCEDES Conecto szóló (BKV),BUS,BKK_C352481492,47.451973,19.227585,198,"R.csaba-Újtelep, Tóalmás u.",Dél-pesti autóbuszgarázs
NAY351,MAN Lions City A21 (ArrivaBus),BUS,,47.442547,19.082338,,,
PDB725,MERCEDES Conecto csuklós,BUS,,47.56758,19.031134,,,
PDB726,MERCEDES Conecto csuklós,BUS,BKK_C382811222,47.51126,19.056404,914,"Káp.megyer, Mogyoródi-p.",Dél-pesti autóbuszgarázs
NAY352,MAN Lions City A21 (ArrivaBus),BUS,BKK_NAY352-WvVIrUqOQ4KbKgGp3cm_mg,47.443233,19.083414,,,
V1622,TW 6000,TRAM,,47.465202,19.12326,,,
PDB724,MERCEDES Conecto csuklós,BUS,,47.567432,19.031317,,,
V1623,TW 6000,TRAM,,47.482582,19.127756,37A,Sörgyár,Blaha Lujza tér M
NAY329,MAN Lions City A21 (ArrivaBus),BUS,,47.457977,19.027609,,,
PCC925,MERCEDES O530 Citaro G csuklós autóbusz,BUS,,47.56842,19.030014,,,
PHG623,"Volvo hibrid szóló (BKV, 3 ajt) autóbusz",BUS,,47.500095,19.23704,,,
PCC923,MERCEDES O530 Citaro G csuklós autóbusz,BUS,BKK_C3823815,47.475,19.103712,950,"Rákospalota, Kossuth utca",Pestszentimre vasútáll.
NCZ562,Volvo szóló autóbusz,BUS,,47.473934,19.025955,,,
PCC928,MERCEDES Citaro O 530 (BKV spec.),BUS,,47.59109,19.045254,,,
967,MXA,SUBURBAN_RAILWAY,BKK_H32013_252,47.4219,19.066603,H7,Csepel,Boráros tér
NCZ559,Volvo szóló autóbusz,BUS,,47.492134,19.115263,,,
NCA480,MERCEDES Conecto csuklós,BUS,BKK_NCA480-kGRVvd52QH-yl8gBiAc5Gw,47.443043,19.08216,,,
PCC921,MERCEDES O530 Citaro G csuklós autóbusz,BUS,,47.511505,19.056585,,,
NCZ560,Volvo szóló autóbusz,BUS,,47.47465,19.027843,,,
PCC926,MERCEDES Citaro O 530 (BKV spec.),BUS,,47.4779,19.04584,,,
MFW525,Volvo szóló autóbusz,BUS,,47.499554,19.23577,,,
V2251,CAF 5 modulos szerelvény,TRAM,,47.440292,19.03564,41,Kamaraerdei Ifj. Park,Bécsi út / Vörösvári út
NCZ556,Volvo szóló autóbusz,BUS,BKK_C34497882,47.568043,19.026224,918,Óbudai autóbuszgarázs,Kelenföld vasútállomás M
V2248,CAF 5 modulos szerelvény,TRAM,,47.439583,19.035975,,,
PDB711,MERCEDES Conecto csuklós,BUS,,47.56751,19.031376,,,
PDB712,MERCEDES Conecto csuklós,BUS,,47.567165,19.031025,,,
NAY339,MAN Lions City A21 (ArrivaBus),BUS,,47.44351,19.082157,,,
NCZ573,Volvo szóló autóbusz,BUS,BKK_C344971122,47.51135,19.09948,918,Óbudai autóbuszgarázs,Kelenföld vasútállomás M
NCZ571,Volvo szóló autóbusz,BUS,,47.492092,19.114866,,,
PDB708,MERCEDES Conecto csuklós,BUS,BKK_C382811205,47.57632,19.105158,914,"Káp.megyer, Mogyoródi-p.",Dél-pesti autóbuszgarázs
NCZ568,Volvo szóló autóbusz,BUS,,47.474003,19.026058,,,
PDB706,MERCEDES Conecto csuklós,BUS,BKK_C382811194,47.523903,19.074549,914,"Káp.megyer, Mogyoródi-p.",Dél-pesti autóbuszgarázs
MFW538,Volvo szóló autóbusz,BUS,,47.47396,19.0262,,,
NAY332,MAN Lions City A21 (ArrivaBus),BUS,,47.458603,19.028154,,,
PCC932,MERCEDES O530 Citaro G csuklós autóbusz,BUS,,47.568787,19.029606,,,
NCZ564,Volvo szóló autóbusz,BUS,,47.49141,19.116137,,,
NCA414,MERCEDES Conecto csuklós,BUS,,47.443287,19.082756,,,
NCZ543,Volvo szóló autóbusz,BUS,,47.47394,19.026562,,,
NLE847,MODULO Medio C68E midi autóbusz,BUS,,47.475006,19.028477,,,
NCA463,MERCEDES Conecto csuklós,BUS,,47.4425,19.08218,,,
MHU770,MB Citaro C2-S1-G csuklós autóbusz,BUS,,47.571384,19.134487,,,
V2115,CAF 9 modulos szerelvény,TRAM,,47.492195,19.10387,1,Kelenföld vasútállomás M,Bécsi út / Vörösvári út
NCA410,MERCEDES Conecto csuklós,BUS,,47.44267,19.082182,,,
NCA461,MERCEDES Conecto csuklós,BUS,BKK_NCA461-brr-AkXdThKHXbmbCZ_Pkw,47.497837,19.054834,,,
945,MXA,SUBURBAN_RAILWAY,BKK_H20585_249,47.2928,18.964363,H6,Ráckeve,Közvágóhíd
T9014,SKODA-SOLARIS Trollino 18 csuklós tr.,TROLLEYBUS,,47.49203,19.116922,,,
NCA458,MERCEDES Conecto csuklós,BUS,,47.458824,19.02831,,,
V2113,CAF 9 modulos szerelvény,TRAM,,47.46373,19.032633,,,
MHU767,MB Citaro C2-S1-G csuklós autóbusz,BUS,,47.571102,19.1359,,,
MHU766,MB Citaro C2-S1-G csuklós autóbusz,BUS,BKK_MHU766-S2SmplH6TROoH7XCLsKBiw,47.572098,19.134638,,,
T9015,SKODA-SOLARIS Trollino 18 csuklós tr.,TROLLEYBUS,,47.492207,19.11735,,,
NCA459,MERCEDES Conecto csuklós,BUS,BKK_C35199883,47.458794,19.026875,139,Széll Kálmán tér M,Gazdagréti tér
V2114,CAF 9 modulos szerelvény,TRAM,,47.44101,19.034939,1,Kelenföld vasútállomás M,Bécsi út / Vörösvári út
MHU769,MB Citaro C2-S1-G csuklós autóbusz,BUS,BKK_C34555164,47.494587,19.060764,907,Örs vezér tere M H,Kelenföld vasútállomás M
NCA406,MERCEDES Conecto csuklós,BUS,BKK_NCA406-2qSrJhhzRyKytFoQv1aiMw,47.44269,19.083014,,,
T9012,SKODA-SOLARIS Trollino 18 csuklós tr.,TROLLEYBUS,BKK_T9012-2gW6PN1YSpO5-enRNxOzmQ,47.490837,19.112833,,,
MHU768,MB Citaro C2-S1-G csuklós autóbusz,BUS,BKK_C3306017,47.539883,19.14745,973,"Újpalota, Szentmihályi út","Nagytétény, ipartelep"
T9013,SKODA-SOLARIS Trollino 18 csuklós tr.,TROLLEYBUS,,47.491848,19.116953,,,
MHU803,MB Citaro C2-S1 szóló autóbusz,BUS,BKK_MHU803-aEaoeEvwR3KTVNsbOOQ6PQ,47.57193,19.134874,,,
NCA473,MERCEDES Conecto csuklós,BUS,BKK_C330601,47.49296,19.055244,973,"Újpalota, Szentmihályi út","Nagytétény, ipartelep"
V2246,CAF 5 modulos szerelvény,TRAM,,47.440403,19.035126,,,
T0352,MAN NGE152 típusú csuklós trolibusz,TROLLEYBUS,,47.491833,19.116377,77,Öv utca / Egressy út,Puskás Ferenc Stadion M
NCA424,MERCEDES Conecto csuklós,BUS,BKK_NCA424-mx8QYx7KT0-7I9puuqrViA,47.436783,19.081306,,,
V2247,CAF 5 modulos szerelvény,TRAM,,47.440342,19.034801,,,
NCZ550,Volvo szóló autóbusz,BUS,BKK_C3470710,47.548107,19.133484,996A,Cinkotai autóbuszgarázs,Újpest-központ M
V2244,CAF 5 modulos szerelvény,TRAM,BKK_C3483816760,47.4399,19.03544,17,Savoya Park,Bécsi út / Vörösvári út
NCZ548,Volvo szóló autóbusz,BUS,BKK_C354313410,47.473915,19.026323,178,Gyöngyösi utca M,Naphegy tér
MHU777,MB Citaro C2-S1-G csuklós autóbusz,BUS,,47.572067,19.134584,,,
V2241,CAF 5 modulos szerelvény,TRAM,,47.440323,19.035131,41,Kamaraerdei Ifj. Park,Bécsi út / Vörösvári út
V2238,CAF 5 modulos szerelvény,TRAM,BKK_C349314057J,47.44499,19.037018,41,Kamaraerdei Ifj. Park,Bécsi út / Vörösvári út
NCA466,MERCEDES Conecto csuklós,BUS,BKK_C33060606,47.457664,19.040447,973,"Újpalota, Szentmihályi út","Nagytétény, ipartelep"
V2239,CAF 5 modulos szerelvény,TRAM,BKK_C349314343J,47.49903,19.040861,41,Kamaraerdei Ifj. Park,Bécsi út / Vörösvári út
NCZ545,Volvo szóló autóbusz,BUS,,47.474247,19.027906,,,
NCA464,MERCEDES Conecto csuklós,BUS,,47.443386,19.082731,,,
MFW511,Volvo szóló autóbusz,BUS,BKK_C3438625,47.496563,19.10888,901,Bécsi út / Vörösvári út,Kelenföld vasútállomás M
T8019,SKODA-SOLARIS Trollino 12 szóló tr.,TROLLEYBUS,BKK_T8019-NsfPiJd1Rg-pqVD227ixvQ,47.490883,19.113312,,,
PMP912,Modulo M168d csuklós autóbusz,BUS,,47.47448,19.026794,,,
T8017,SKODA-SOLARIS Trollino 12 szóló tr.,TROLLEYBUS,,47.491856,19.116396,95,Felsőcsatári köz,Puskás Ferenc Stadion M
NCV293,Karsan ATAK típusú midi autóbusz,BUS,,47.4736,19.028381,,,
T9100,4. gen. SOLARIS Trollino 18 trolibusz,TROLLEYBUS,,47.49197,19.117094,,,
RVY719,MERCEDES Conecto G 2 csuklós autóbusz,BUS,,47.427013,19.158688,,,
T9101,4. gen. SOLARIS Trollino 18 trolibusz,TROLLEYBUS,BKK_T9101-2xrdfgFPQCm2z5fxU_RXsg,47.490982,19.115072,,,
RVY720,MERCEDES Conecto G 2 csuklós autóbusz,BUS,BKK_C320522744,47.43475,19.227377,200E,Cargo City-Liszt F. Airport 2,Kőbánya-Kispest M
T8015,SKODA-SOLARIS Trollino 12 szóló tr.,TROLLEYBUS,,47.490753,19.112595,76,Jászai Mari tér,Keleti pályaudvar M
NTM430,Modulo M108d szóló autóbusz (rend.tart.),BUS,,47.474056,19.025925,,,
T8108,4. gen. SOLARIS Trollino 12 trolibusz,TROLLEYBUS,,47.49182,19.11811,,,
RVY717,MERCEDES Conecto G 2 csuklós autóbusz,BUS,,47.426643,19.157862,,,
MFW532,Volvo szóló autóbusz,BUS,,47.501225,19.236372,,,
PDN633,MAN Lions City A21 (ArrivaBus),BUS,BKK_C306213802,47.45787,19.027937,250,Savoya Park,Kelenföld vasútállomás M
RVY718,MERCEDES Conecto G 2 csuklós autóbusz,BUS,BKK_RVY718-2rRygFohTq2ugl2hxxTLWw,47.426575,19.15794,,,
NAY320,MAN Lions City A21 (ArrivaBus),BUS,BKK_C3771518,47.406475,19.077532,979A,"Csepel, Csillagtelep",Deák Ferenc tér M
NCA525,MERCEDES Conecto csuklós,BUS,BKK_NCA525-z4GnFBWzTSeMm2obS9hMow,47.432392,19.261618,100E,Liszt Ferenc Airport 2,Deák Ferenc tér M
MHU751,MB Citaro C2-S1-G csuklós autóbusz,BUS,BKK_MHU751-AvS3YG_wQ1uAxtfexVxspA,47.570946,19.133984,,,
MHK906,Volvo 7000A típusú csuklós autóbusz,BUS,,47.50138,19.235909,,,
NCA526,MERCEDES Conecto csuklós,BUS,BKK_NCA526-SQkFJrGTQnWLgQ3ivFtCfw,47.40612,19.023865,,,
PDN631,MAN Lions City A21 (ArrivaBus),BUS,BKK_C36789858,47.45751,19.02877,150,Budatétény vá. (Campona),Móricz Zs. körtér M
RVY716,MERCEDES Conecto G 2 csuklós autóbusz,BUS,BKK_C320526,47.420296,19.244167,200E,Cargo City-Liszt F. Airport 2,Kőbánya-Kispest M
RYH810,Ikarus E91 típusú midi autóbusz,BUS,,47.473583,19.028513,,,
PDN638,MAN Lions City A21 (ArrivaBus),BUS,BKK_PDN638-tvckjKelSZacqFEYHZryYw,47.457886,19.028175,,,
T8011,SKODA-SOLARIS Trollino 12 szóló tr.,TROLLEYBUS,,47.490658,19.10886,74,Károly körút (Astoria M),Csáktornya park
PKN631,MERCEDES Conecto szóló (BKV),BUS,,47.499138,19.236368,,,
V1600,TW 6000,TRAM,BKK_C36510653J,47.465202,19.123848,42,"Kispest, Tulipán utca",Határ út M
T8012,SKODA-SOLARIS Trollino 12 szóló tr.,TROLLEYBUS,BKK_T8012-x2-BsuqoQ0ypy59Iby0XyA,47.49191,19.1179,,,
NCV288,Karsan ATAK típusú midi autóbusz,BUS,BKK_C358755,47.498695,19.036325,916,Uránia,Széll Kálmán tér M
PDN629,MAN Lions City A21 (ArrivaBus),BUS,BKK_C37021864,47.457954,19.027956,53,Mindszenty J. bíboros tér,Móricz Zs. körtér M
T8105,4. gen. SOLARIS Trollino 12 trolibusz,TROLLEYBUS,,47.49088,19.11302,,,
NCV285,Karsan ATAK típusú midi autóbusz,BUS,BKK_C358161031,47.473724,19.029003,128,Regőczi István tér,Széll Kálmán tér M
NCA521,MERCEDES Conecto csuklós,BUS,BKK_C364671491,47.405613,19.013042,133E,"Újpalota, Nyírpalota út","Nagytétény, Erdélyi utca"
NTM424,Modulo M108d szóló autóbusz (rend.tart.),BUS,,47.47477,19.028643,,,
MHU747,MB Citaro C2-S1-G csuklós autóbusz,BUS,BKK_C330602,47.4101,19.02066,973,"Újpalota, Szentmihályi út","Nagytétény, ipartelep"
NCV286,Karsan ATAK típusú midi autóbusz,BUS,,47.47361,19.028364,,,
T8103,4. gen. SOLARIS Trollino 12 trolibusz,TROLLEYBUS,,47.49181,19.116573,53,Mindszenty J. bíboros tér,Móricz Zs. körtér M
RVY712,MERCEDES Conecto G 2 csuklós autóbusz,BUS,,47.428,19.157413,,,
NTM425,Modulo M108d szóló autóbusz (rend.tart.),BUS,,47.47419,19.026339,,,
NCA405,MERCEDES Conecto csuklós,BUS,,47.443233,19.083965,,,
T0357,MAN NGE152 típusú csuklós trolibusz,TROLLEYBUS,,47.49203,19.117483,,,
PDN645,MAN Lions City A21 (ArrivaBus),BUS,,47.45794,19.028185,,,
NCA404,MERCEDES Conecto csuklós,BUS,BKK_C328362306,47.44306,19.081854,148,"Csepel, Soroksári rév",Kőbánya-Kispest M
MHU761,MB Citaro C2-S1-G csuklós autóbusz,BUS,BKK_C369981081,47.5713,19.135084,7,"Újpalota, Nyírpalota út",Albertfalva vasútállomás
T9109,4. gen. SOLARIS Trollino 18 trolibusz,TROLLEYBUS,BKK_T9109-2Y2Okm4oTYyqwks2Fo_-lg,47.49115,19.115503,,,
MHK915,Volvo 7000A típusú csuklós autóbusz,BUS,BKK_C357632479,47.474506,19.293854,161,Rákoscsaba,Örs vezér tere M H
T9008,SKODA-SOLARIS Trollino 18 csuklós tr.,TROLLEYBUS,BKK_C374971458,47.500282,19.108501,80,Keleti pályaudvar M,Örs vezér tere M H
NCA506,MERCEDES Conecto csuklós,BUS,BKK_C24060676,47.38886,18.958233,33,"Nagytétény, ipartelep",Móricz Zs. körtér M
T9110,4. gen. SOLARIS Trollino 18 trolibusz,TROLLEYBUS,,47.492077,19.11667,,,
NCA456,MERCEDES Conecto csuklós,BUS,,47.458847,19.029137,,,
MHU763,MB Citaro C2-S1-G csuklós autóbusz,BUS,BKK_C3823853,47.557304,19.076618,950,"Rákospalota, Kossuth utca",Pestszentimre vasútáll.
T9005,SKODA-SOLARIS Trollino 18 csuklós tr.,TROLLEYBUS,BKK_C374971448,47.49091,19.113195,80,Keleti pályaudvar M,Örs vezér tere M H
NCV300,Karsan ATAK típusú midi autóbusz,BUS,,47.474117,19.028261,,,
VTA641,MAN Lions City A21 (ArrivaBus),BUS,BKK_VTA641-NfIuS3osRzqzoifMeHEjFA,47.457554,19.028505,,,
NAE996,Solaris Urbino 10 típusú midi autóbusz,BUS,,47.492203,19.116014,,,
NCA504,MERCEDES Conecto csuklós,BUS,BKK_C33060686,47.532883,19.111008,973,"Újpalota, Szentmihályi út","Nagytétény, ipartelep"
T9108,4. gen. SOLARIS Trollino 18 trolibusz,TROLLEYBUS,BKK_T9108-0dS6wiFdRMuHK29ci5ZxxQ,47.49096,19.11343,,,
T9003,SKODA-SOLARIS Trollino 18 csuklós tr.,TROLLEYBUS,,47.491222,19.1158,,,
T9105,4. gen. SOLARIS Trollino 18 trolibusz,TROLLEYBUS,,47.49184,19.116209,,,
MHU756,MB Citaro C2-S1-G csuklós autóbusz,BUS,,47.5711,19.133759,,,
MHK911,Volvo 7000A típusú csuklós autóbusz,BUS,,47.499283,19.237133,,,
NCV299,Karsan ATAK típusú midi autóbusz,BUS,,47.473392,19.028482,,,
NCA502,MERCEDES Conecto csuklós,BUS,BKK_NCA502-k1TjADP7SEqKJuESf4uj6w,47.458603,19.02441,,,
T9001,SKODA-SOLARIS Trollino 18 csuklós tr.,TROLLEYBUS,,47.491894,19.116516,,,
MFW523,Volvo szóló autóbusz,BUS,,47.47438,19.028826,,,
NAY328,MAN Lions City A21 (ArrivaBus),BUS,,47.45785,19.027637,,,
T9002,SKODA-SOLARIS Trollino 18 csuklós tr.,TROLLEYBUS,,47.490955,19.113485,,,
NCV297,Karsan ATAK típusú midi autóbusz,BUS,BKK_C358754,47.50026,19.03459,916,Uránia,Széll Kálmán tér M
NCA500,MERCEDES Conecto csuklós,BUS,,47.458447,19.02818,,,
NCA530,MERCEDES Conecto csuklós,BUS,,47.458904,19.026842,,,
T9111,4. gen. SOLARIS Trollino 18 trolibusz,TROLLEYBUS,,47.49088,19.113749,,,
MHU755,MB Citaro C2-S1-G csuklós autóbusz,BUS,BKK_C365862304,47.5721,19.134974,20E,Keleti pályaudvar M,"Káp.megyer, Szilas-patak"
MHU732,MB Citaro C2-S1-G csuklós autóbusz,BUS,BKK_C34555170,47.515377,19.119007,907,Örs vezér tere M H,Kelenföld vasútállomás M
NAY371,MAN Lions City A21 (ArrivaBus),BUS,,47.4424,19.082815,,,
PKN617,MERCEDES Conecto szóló (BKV),BUS,BKK_PKN617-w5I_OAakRJ6PvP5gxIxD1Q,47.500393,19.135233,,,
MHU731,MB Citaro C2-S1-G csuklós autóbusz,BUS,BKK_C3514723037,47.572227,19.134348,196,"Újpalota, Szentmihályi út","Újpest, Fóti út"
RVY620,MERCEDES Conecto 2 szóló autóbusz,BUS,,47.427216,19.15767,,,
T8000,SKODA-SOLARIS Trollino 12 szóló tr.,TROLLEYBUS,,47.491657,19.115265,,,
V1617,TW 6000,TRAM,,47.46542,19.123032,,,
PKN615,MERCEDES Conecto szóló (BKV),BUS,BKK_C371064,47.49125,19.009455,990,Rákoskert,Normafa
RVY618,MERCEDES Conecto 2 szóló autóbusz,BUS,BKK_C373862,47.4076,19.118088,966,Millenniumtelep H,Határ út M
MHU869,MB Citaro C2-S1 szóló autóbusz,BUS,BKK_MHU869-CbdW_5ZWTZejGiC_AExxlg,47.571568,19.134308,,,
V1615,TW 6000,TRAM,BKK_C175521388,47.464764,19.124498,42,"Kispest, Tulipán utca",Határ út M
RCT309,VanHool  NewAG300 csuklós autóbusz,BUS,BKK_C3828221,47.516666,19.038809,923,Békásmegyer H,Dél-pesti autóbuszgarázs
RVY615,MERCEDES Conecto 2 szóló autóbusz,BUS,BKK_C373712,47.463505,19.127525,999,Dél-pesti autóbuszgarázs,Határ út M
FKU931,Volvo 7700A típusú csuklós autóbusz,BUS,,47.46603,19.12427,,,
RCT310,VanHool  NewAG300 csuklós autóbusz,BUS,,47.427147,19.157043,,,
SKR801,MERCEDES Conecto 2 szóló autóbusz,BUS,,47.500267,19.10995,91,Széll Kálmán tér M,Nyugati pályaudvar M
MHU730,MB Citaro C2-S1-G csuklós autóbusz,BUS,BKK_C33060642,47.495045,19.063232,973,"Újpalota, Szentmihályi út","Nagytétény, ipartelep"
NCA452,MERCEDES Conecto csuklós,BUS,BKK_C356097,47.492077,19.14057,909,"Kispest, Kossuth tér",Deák Ferenc tér M
V1613,TW 6000,TRAM,,47.464813,19.123207,,,
PKN612,MERCEDES Conecto szóló (BKV),BUS,BKK_PKN612-Zw1xIz5ISrKbrG5UDwHyYw,47.50067,19.235449,,,
RCT308,VanHool  NewAG300 csuklós autóbusz,BUS,,47.426636,19.157833,,,
PKN620,MERCEDES Conecto szóló (BKV),BUS,,47.5012,19.235258,D14,Csepel-Királyerdő,"Soroksár, Molnár-sziget"
FKU926,Volvo 7700A típusú csuklós autóbusz,BUS,BKK_FKU926-H_17HCwtS_C9xIlaOSGaYg,47.50092,19.235725,,,
MHU724,MB Citaro C2-S1-G csuklós autóbusz,BUS,BKK_MHU724-r3FD7v_7RU2hKLq2vq-tYA,47.57169,19.13492,,,
RVY611,MERCEDES Conecto 2 szóló autóbusz,BUS,,47.427227,19.160545,,,
FKU927,Volvo 7700A típusú csuklós autóbusz,BUS,BKK_C3823839,47.510914,19.05574,950A,"Rákospalota, Kossuth utca",Pestszentimre vasútáll.
RCT269,MB515 minibusz,BUS,,47.500336,19.236378,,,
T0611,GANZ-SOLARIS Trollino 12 trolibusz,TROLLEYBUS,,47.491974,19.116728,,,
FKU929,Volvo 7700A típusú csuklós autóbusz,BUS,,47.501064,19.235664,,,
V1610,TW 6000,TRAM,BKK_C24797144J,47.464725,19.123245,3,Mexikói út M,Gubacsi út / Határ út
FKU925,Volvo 7700A típusú csuklós autóbusz,BUS,BKK_C365621046,47.468994,19.298172,97E,Rákoskert sugárút,Örs vezér tere M H
NAY315,MAN Lions City A21 (ArrivaBus),BUS,BKK_C37715261,47.510277,19.097425,979,"Csepel, Csillagtelep","Újpalota, Nyírpalota út"
T8008,SKODA-SOLARIS Trollino 12 szóló tr.,TROLLEYBUS,,47.491993,19.116945,,,
T8101,4. gen. SOLARIS Trollino 12 trolibusz,TROLLEYBUS,,47.491272,19.11695,,,
T8009,SKODA-SOLARIS Trollino 12 szóló tr.,TROLLEYBUS,,47.491055,19.114471,,,
PKN629,MERCEDES Conecto szóló (BKV),BUS,BKK_C3485410,47.508835,19.057981,931,"Árpádföld, Dezsőfia utca",Nyugati pályaudvar M
T8102,4. gen. SOLARIS Trollino 12 trolibusz,TROLLEYBUS,,47.490974,19.11391,,,
NCA518,MERCEDES Conecto csuklós,BUS,BKK_NCA518-fdX3laqtQwWLZFLxuYQyIw,47.45889,19.028503,,,
NTM421,Modulo M108d szóló autóbusz (rend.tart.),BUS,,47.474117,19.026735,,,
SKR813,MERCEDES Conecto 2 szóló autóbusz,BUS,BKK_C37715382,47.410213,19.06045,979A,"Csepel, Csillagtelep",Deák Ferenc tér M
NCA519,MERCEDES Conecto csuklós,BUS,,47.4581,19.029287,,,
FKU941,Volvo 7700A típusú csuklós autóbusz,BUS,BKK_FKU941-IzzlfVX2R9WSMvOZKSfOQw,47.491688,19.11801,,,
NCA513,MERCEDES Conecto csuklós,BUS,BKK_C364671419,47.457718,19.029646,133E,"Újpalota, Nyírpalota út","Nagytétény, Erdélyi utca"
RCT320,VanHool  NewAG300 csuklós autóbusz,BUS,BKK_C3828241,47.427578,19.15986,923,Békásmegyer H,Dél-pesti autóbuszgarázs
NAY378,MAN Lions City A21 (ArrivaBus),BUS,,47.45805,19.028193,,,
MHU878,MB Citaro C2-S1 szóló autóbusz,BUS,BKK_C354313509,47.549038,19.07358,105,Gyöngyösi utca M,Apor Vilmos tér
NAY312,MAN Lions City A21 (ArrivaBus),BUS,BKK_NAY312-CrgDQ8pdRL-ai6ulhG1tpQ,47.443253,19.082651,,,
T8005,SKODA-SOLARIS Trollino 12 szóló tr.,TROLLEYBUS,,47.49175,19.115602,52,"P.erzsébet, Pacsirtatelep",Határ út M
SKR812,MERCEDES Conecto 2 szóló autóbusz,BUS,,47.492256,19.11674,,,
NAY309,MAN Lions City A21 (ArrivaBus),BUS,,47.443054,19.083035,,,
T8002,SKODA-SOLARIS Trollino 12 szóló tr.,TROLLEYBUS,,47.49119,19.116142,,,
RCT318,VanHool  NewAG300 csuklós autóbusz,BUS,,47.42701,19.158632,,,
SKR809,MERCEDES Conecto 2 szóló autóbusz,BUS,,47.491043,19.11449,,,
NAY310,MAN Lions City A21 (ArrivaBus),BUS,BKK_C3771516,47.47496,19.070286,979A,"Csepel, Csillagtelep",Deák Ferenc tér M
NAY377,MAN Lions City A21 (ArrivaBus),BUS,BKK_C37021874,47.458206,19.027609,53,Mindszenty J. bíboros tér,Móricz Zs. körtér M
NTM420,Modulo M108d szóló autóbusz (rend.tart.),BUS,BKK_C34497243,47.470997,19.029469,918,Óbudai autóbuszgarázs,Kelenföld vasútállomás M
RVY705,MERCEDES Conecto G 2 csuklós autóbusz,BUS,BKK_C320524,47.464783,19.126959,200E,Cargo City-Liszt F. Airport 2,Kőbánya-Kispest M
SKR810,MERCEDES Conecto 2 szóló autóbusz,BUS,,47.49226,19.118484,,,
PKN630,MERCEDES Conecto szóló (BKV),BUS,,47.4992,19.236797,,,
T0201,GVM (Ikarus 280)típusú trolibusz,TROLLEYBUS,,47.492065,19.11856,,,
FKU938,Volvo 7700A típusú csuklós autóbusz,BUS,,47.491364,19.117746,,,
T8001,SKODA-SOLARIS Trollino 12 szóló tr.,TROLLEYBUS,,47.4909,19.112753,,,
NKA343,MERCEDES Citaro O 530 (BKV spec.),BUS,BKK_C3556580,47.51424,19.038368,934,Békásmegyer H,Nyugati pályaudvar M
PKN621,MERCEDES Conecto szóló (BKV),BUS,,47.50104,19.236929,D14,Csepel-Királyerdő,"Soroksár, Molnár-sziget"
MHU737,MB Citaro C2-S1-G csuklós autóbusz,BUS,BKK_C365512363,47.571938,19.13442,8E,"Újpalota, Nyírpalota út",Kelenföld vasútállomás M
SKR805,MERCEDES Conecto 2 szóló autóbusz,BUS,BKK_SKR805-V8BP5B1nSdyZ-lBj2Iu_9g,47.49223,19.118097,,,
FKU939,Volvo 7700A típusú csuklós autóbusz,BUS,,47.474056,19.025215,,,
NKA341,MERCEDES Citaro O 530 (BKV spec.),BUS,,47.56777,19.032326,,,
SKR806,MERCEDES Conecto 2 szóló autóbusz,BUS,BKK_C344971140,47.475426,19.069908,918,Óbudai autóbuszgarázs,Kelenföld vasútállomás M
NAY373,MAN Lions City A21 (ArrivaBus),BUS,,47.4427,19.082352,,,
FKU936,Volvo 7700A típusú csuklós autóbusz,BUS,,47.491978,19.119057,,,
NGC141,MERCEDES Citaro O 530 (BKV spec.),BUS,BKK_NGC141-Y02d43gxQ4O1bWVI6x_XPg,47.568096,19.03124,,,
NNE062,MERCEDES Conecto csuklós,BUS,BKK_C382388,47.434357,19.202688,950,"Rákospalota, Kossuth utca",Pestszentimre vasútáll.
SGY988,Modulo M168d csuklós autóbusz,BUS,BKK_SGY988-HWE0nGZYRSii6Nfq0nU-zw,47.474567,19.02718,,,
NGC142,MERCEDES Citaro O 530 (BKV spec.),BUS,,47.56842,19.029926,,,
NNE063,MERCEDES Conecto csuklós,BUS,,47.567093,19.031017,,,
NNE060,MERCEDES Conecto csuklós,BUS,,47.56782,19.028933,,,
MHU711,MB Citaro C2-S1-G csuklós autóbusz,BUS,,47.464645,19.022953,,,
MHU852,MB Citaro C2-S1 szóló autóbusz,BUS,BKK_MHU852-fl9cLydmT7m5VFA49jSRbQ,47.57182,19.135319,,,
RIW877,MAN Lions City GL NG313 csuklós busz,BUS,,47.428196,19.157957,,,
FKU908,Volvo 7700A típusú csuklós autóbusz,BUS,BKK_C33060761,47.498383,19.075235,973A,"Rákospalota, MÁV-telep",Városház tér
T0308,Ikarus 435-ös típusú trolibusz,TROLLEYBUS,,47.49215,19.11945,,,
NHB035,Modulo M108d szóló autóbusz,BUS,,47.473854,19.027971,,,
FKU910,Volvo 7700A típusú csuklós autóbusz,BUS,,47.50997,19.029177,9,Kőbánya alsó vasútáll.,"Óbuda, Bogdáni út"
NGC032,Modulo M108d szóló autóbusz,BUS,BKK_C3485422,47.496998,19.055729,931A,Deák Ferenc tér M,Örs vezér tere M H
PDZ837,MERCEDES O530 Citaro G csuklós autóbusz,BUS,BKK_PDZ837-3wnlkYIRSaSOFF6RKVVaOQ,47.568104,19.03023,,,
FKU904,Volvo 7700A típusú csuklós autóbusz,BUS,BKK_C3560984,47.49743,19.054815,909,"Kispest, Kossuth tér",Deák Ferenc tér M
MDD721,Ikarus 187V típusú csuklós autóbusz,BUS,BKK_MDD721-kMKbt-FIRmaHL4-VnhfJww,47.4734,19.027475,,,
SGY980,Modulo M168d csuklós autóbusz,BUS,,47.47391,19.028631,,,
T0304,Ikarus 435-ös típusú trolibusz,TROLLEYBUS,,47.492123,19.11779,,,
FKU906,Volvo 7700A típusú csuklós autóbusz,BUS,BKK_C3823846,47.48362,19.076365,950A,"Rákospalota, Kossuth utca",Pestszentimre vasútáll.
TSM001,Volvo szóló autóbusz,BUS,,47.44215,19.186176,,,
MHU705,MB Citaro C2-S1-G csuklós autóbusz,BUS,,47.571404,19.133093,,,
MHU721,MB Citaro C2-S1-G csuklós autóbusz,BUS,BKK_C3514723041,47.53986,19.144703,196,"Újpalota, Szentmihályi út","Újpest, Fóti út"
SKR730,MERCEDES Conecto G 2 csuklós autóbusz,BUS,BKK_C356212076,47.46908,19.294209,202E,Kucorgó tér,Kőbánya-Kispest M
T0605,GANZ-SOLARIS Trollino 12 trolibusz,TROLLEYBUS,,47.491684,19.116034,,,
NAY361,MAN Lions City A21 (ArrivaBus),BUS,,47.424103,19.159678,,,
MHU861,MB Citaro C2-S1 szóló autóbusz,BUS,,47.57171,19.13447,,,
MHU723,MB Citaro C2-S1-G csuklós autóbusz,BUS,BKK_C355542527,47.567806,19.13404,5,"Rákospalota, Kossuth utca",Pasaréti tér
NCA445,MERCEDES Conecto csuklós,BUS,BKK_C38109483,47.463917,19.144976,100E,Liszt Ferenc Airport 2,Deák Ferenc tér M
NAY358,MAN Lions City A21 (ArrivaBus),BUS,,47.4435,19.08222,,,
RVY606,MERCEDES Conecto 2 szóló autóbusz,BUS,,47.427994,19.159538,,,
MHU863,MB Citaro C2-S1 szóló autóbusz,BUS,BKK_C27962867,47.571304,19.096878,220,"Újpest, Erdősor út",Újpest-központ M
SKR729,MERCEDES Conecto G 2 csuklós autóbusz,BUS,,47.500904,19.23682,,,
NAY359,MAN Lions City A21 (ArrivaBus),BUS,,47.44273,19.08236,,,
FKU919,Volvo 7700A típusú csuklós autóbusz,BUS,,47.492306,19.116995,,,
MHU717,MB Citaro C2-S1-G csuklós autóbusz,BUS,BKK_C364671525,47.572014,19.134928,133E,"Újpalota, Nyírpalota út","Nagytétény, Erdélyi utca"
NAY356,MAN Lions City A21 (ArrivaBus),BUS,BKK_C369601662,47.431164,19.183657,182,Alacskai úti lakótelep,Kőbánya-Kispest M
STZ841,Mercedes-Benz eCitaro,BUS,,47.494804,19.127678,,,
FKU920,Volvo 7700A típusú csuklós autóbusz,BUS,,47.47423,19.02532,,,
FKU921,Volvo 7700A típusú csuklós autóbusz,BUS,,47.4924,19.116644,,,
SKR724,MERCEDES Conecto G 2 csuklós autóbusz,BUS,,47.426678,19.158224,,,
NNE068,MERCEDES Conecto csuklós,BUS,BKK_C34760131,47.504616,19.02472,956,"Pécel, Kun József utca",Pesthidegkút-Hűvösvölgy
RVY603,MERCEDES Conecto 2 szóló autóbusz,BUS,,47.428333,19.1582,,,
FKU915,Volvo 7700A típusú csuklós autóbusz,BUS,,47.470097,19.053211,,,
NNE065,MERCEDES Conecto csuklós,BUS,,47.567554,19.032017,,,
T0350,MAN NGE152 típusú csuklós trolibusz,TROLLEYBUS,,47.49183,19.116528,,,
NNE066,MERCEDES Conecto csuklós,BUS,,47.543102,19.030273,5,"Rákospalota, Kossuth utca",Pasaréti tér
MHU714,MB Citaro C2-S1-G csuklós autóbusz,BUS,BKK_C364671519,47.57205,19.134539,133E,"Újpalota, Nyírpalota út","Nagytétény, Erdélyi utca"
SKR721,MERCEDES Conecto G 2 csuklós autóbusz,BUS,,47.435604,19.174206,,,
NCA497,MERCEDES Conecto csuklós,BUS,,47.44311,19.081842,,,
V2226,CAF 5 modulos szerelvény,TRAM,,47.462696,19.042204,,,
RVY749,MERCEDES Conecto G 3 csuklós busz(Volán),BUS,,47.506775,19.11166,,,
T0277,GVM (Ikarus 280)típusú trolibusz,TROLLEYBUS,,47.491074,19.115257,,,
RVY746,MERCEDES Conecto G 3 csuklós busz(Volán),BUS,,47.46508,19.105137,,,
MFW510,Volvo szóló autóbusz,BUS,,47.474373,19.028883,,,
FJX222,Volvo 7700A típusú csuklós autóbusz,BUS,,47.47332,19.027744,,,
NCA493,MERCEDES Conecto csuklós,BUS,,47.443104,19.082735,,,
V1427,Ganz csuklós,TRAM,BKK_C21846961,47.427822,19.0387,47,Városház tér,Deák Ferenc tér M
BPI928,Ikarus 435-ös típusú autóbusz,BUS,,47.50168,19.236519,,,
997,MXA,SUBURBAN_RAILWAY,BKK_H42181_4,47.653175,19.06607,H5,Szentendre,Batthyány tér
NGC020,Modulo M108d szóló autóbusz,BUS,,47.473885,19.027945,,,
RVY750,MERCEDES Conecto G 3 csuklós busz(Volán),BUS,BKK_C347602,47.49952,19.085672,956,"Pécel, Kun József utca",Pesthidegkút-Hűvösvölgy
V2228,CAF 5 modulos szerelvény,TRAM,BKK_C349314198J,47.48298,19.053005,19,Kelenföld vasútállomás M,Bécsi út / Vörösvári út
NGC019,Modulo M108d szóló autóbusz,BUS,,47.474625,19.028631,,,
FJX221,Volvo 7700A típusú csuklós autóbusz,BUS,,47.473557,19.029118,,,
LMG095,VOLVO-ALFABUSZ Civis 12 típ.szóló autób.,BUS,,47.56735,19.032763,,,
MPW612,VanHool A330 CNG típusú szóló autóbusz,BUS,,47.427822,19.158375,,,
NGC027,Modulo M108d szóló autóbusz,BUS,,47.473763,19.028015,,,
SCD594,VanHool A330 CNG típusú szóló autóbusz,BUS,,47.428772,19.157078,,,
FKU902,Volvo 7700A típusú csuklós autóbusz,BUS,,47.492287,19.116447,30,Keleti pályaudvar M,"Káp.megyer, Mogyoródi-p."
MHU839,MB Citaro C2-S1 szóló autóbusz,BUS,BKK_MHU839-iDYXW1FvSjuUoy-frO4HzQ,47.572464,19.134283,,,
NGC157,MERCEDES Citaro O 530 (BKV spec.),BUS,,47.475628,19.032919,,,
NNE052,MERCEDES Conecto csuklós,BUS,,47.567535,19.032087,,,
SCD596,VanHool A330 CNG típusú szóló autóbusz,BUS,,47.42864,19.157234,,,
MHU702,MB Citaro C2-S1-G csuklós autóbusz,BUS,BKK_C3552828290,47.572178,19.134308,106,Római úti lakótelep,Göncz Árpád városkp. M
MHU842,MB Citaro C2-S1 szóló autóbusz,BUS,BKK_MHU842-Gx7Ma0-TTEu8Eg2pZHj7qg,47.577717,19.092745,,,
V2234,CAF 5 modulos szerelvény,TRAM,,47.43978,19.035604,,,
SCD595,VanHool A330 CNG típusú szóló autóbusz,BUS,,47.42782,19.157822,,,
V1592,TW 6000,TRAM,BKK_C24797178J,47.46473,19.123203,3,Mexikói út M,Gubacsi út / Határ út
MPW608,VanHool A330 CNG típusú szóló autóbusz,BUS,,47.427773,19.158182,,,
FJX234,Volvo 7700A típusú csuklós autóbusz,BUS,,47.47969,19.067036,,,
SCD593,VanHool A330 CNG típusú szóló autóbusz,BUS,,47.42859,19.157309,,,
MHU838,MB Citaro C2-S1 szóló autóbusz,BUS,,47.571598,19.134369,,,
NGC021,Modulo M108d szóló autóbusz,BUS,,47.474003,19.027885,,,
NGC022,Modulo M108d szóló autóbusz,BUS,BKK_C3570731,47.528397,19.038876,960,"B.megyer, Újmegyeri tér",Móricz Zs. körtér M
MHU704,MB Citaro C2-S1-G csuklós autóbusz,BUS,BKK_C3552828254,47.5719,19.134382,106,Római úti lakótelep,Göncz Árpád városkp. M
SIE954,Volvo szóló autóbusz,BUS,BKK_SIE954-xLxM3cxVSOih9V5UinxMeg,47.474102,19.025772,,,
NGC158,MERCEDES Citaro O 530 (BKV spec.),BUS,,47.568005,19.031567,,,
V2229,CAF 5 modulos szerelvény,TRAM,,47.501656,19.024094,,,
V1407,Ganz csuklós,TRAM,,47.46987,19.024712,,,
MRP099,"MAN A21 szóló (Volán, helyi, 3 ajtós)",BUS,BKK_C2720247,47.455753,18.940863,940,Budaörsi lakótelep,Móricz Zs. körtér M
FLR732,Volvo 7700A típusú csuklós autóbusz,BUS,BKK_C34555128,47.51877,19.111134,907A,Astoria M,Bosnyák tér
NWB356,MERCEDES Conecto szóló (BKV),BUS,,47.498547,19.236698,,,
NWB353,MERCEDES Conecto szóló (BKV),BUS,BKK_C34382457,47.511864,19.204376,908,Cinkotai autóbuszgarázs,Móricz Zs. körtér M
RVY724,MERCEDES Conecto G 3 csuklós busz(Volán),BUS,BKK_C37669668,47.38885,19.206097,294E,"Gyál, Vecsési út",Határ út M
FLR734,Volvo 7700A típusú csuklós autóbusz,BUS,BKK_C352262676,47.491447,19.26476,276E,"R.csaba-Újtelep, Naplás út",Örs vezér tere M H
V1547,TW 6000,TRAM,,47.4704,19.09281,,,
MRP094,"MAN A21 szóló (Volán, helyi, 3 ajtós)",BUS,,47.432137,19.043924,,,
SGY824,MAN Lions City A21 (ArrivaBus),BUS,BKK_C36692334,47.458187,19.027693,58,Móricz Zs. körtér M,Jégmadár utca
MHU805,MB Citaro C2-S1 szóló autóbusz,BUS,BKK_MHU805-NRsHOh61TxqNGU9hBrXTTA,47.57174,19.134504,,,
FJX203,Volvo 7700A típusú csuklós autóbusz,BUS,BKK_C345552,47.50233,19.085428,907,Örs vezér tere M H,Kelenföld vasútállomás M
FLR730,Volvo 7700A típusú csuklós autóbusz,BUS,BKK_C382811214,47.561073,19.090174,914,"Káp.megyer, Mogyoródi-p.",Dél-pesti autóbuszgarázs
V1543,TW 6000,TRAM,,47.451687,19.144169,,,
NUV695,Solaris Urbino 10 típusú midi autóbusz,BUS,,47.49165,19.118227,,,
NWB359,MERCEDES Conecto szóló (BKV),BUS,BKK_NWB359-8pM1XHaaQeqM1PNee7w1Nw,47.48633,19.25879,,,
FJX209,Volvo 7700A típusú csuklós autóbusz,BUS,,47.473835,19.025805,,,
NWB357,MERCEDES Conecto szóló (BKV),BUS,,47.499252,19.23703,,,
RVY728,MERCEDES Conecto G 3 csuklós busz(Volán),BUS,BKK_C34760117,47.497387,19.071585,956,"Pécel, Kun József utca",Pesthidegkút-Hűvösvölgy
SMC223,Volvo 7000A típusú csuklós autóbusz,BUS,,47.47457,19.027885,,,
MHU812,MB Citaro C2-S1 szóló autóbusz,BUS,BKK_MHU812-QnVM0l5CT8C5WJ9Rmrf15g,47.57163,19.134413,,,
NWB358,MERCEDES Conecto szóló (BKV),BUS,BKK_C352481476,47.49848,19.236351,198,"R.csaba-Újtelep, Tóalmás u.",Dél-pesti autóbuszgarázs
RVY729,MERCEDES Conecto G 3 csuklós busz(Volán),BUS,BKK_RVY729-3sUPjHnLScy8EpJT-FMXmQ,47.50708,19.111626,,,
BPI048,Ikarus 412-es típusú autóbusz,BUS,,47.42689,19.159779,,,
MRP092,"MAN A21 szóló (Volán, helyközi, 2 ajtós)",BUS,,47.46365,19.022192,,,
FLR742,Volvo 7700A típusú csuklós autóbusz,BUS,,47.499474,19.235573,,,
RVY737,MERCEDES Conecto G 3 csuklós busz(Volán),BUS,BKK_C37663784,47.522274,19.08098,169E,"Pécel, Kun József utca",Örs vezér tere M H
FJX215,Volvo 7700A típusú csuklós autóbusz,BUS,,47.473507,19.02702,,,
MHU818,MB Citaro C2-S1 szóló autóbusz,BUS,,47.57124,19.135952,,,
FJX216,Volvo 7700A típusú csuklós autóbusz,BUS,BKK_C356096,47.46911,19.165644,909,"Kispest, Kossuth tér",Deák Ferenc tér M
FLR743,Volvo 7700A típusú csuklós autóbusz,BUS,BKK_C3710614,47.491932,19.140003,990,Rákoskert,Normafa
LMG077,VOLVO-ALFABUSZ Civis 12 típ.szóló autób.,BUS,BKK_C344951136,47.56727,19.032242,57,Hűvösvölgy,Remetekertváros
NCA485,MERCEDES Conecto csuklós,BUS,BKK_C365621043,47.491074,19.137957,97E,Rákoskert sugárút,Örs vezér tere M H
NWB364,MERCEDES Conecto szóló (BKV),BUS,,47.50037,19.2368,,,
FJX218,Volvo 7700A típusú csuklós autóbusz,BUS,,47.473537,19.026918,,,
LMG084,VOLVO-ALFABUSZ Civis 12 típ.szóló autób.,BUS,,47.568043,19.027626,,,
T0260,GVM (Ikarus 280)típusú trolibusz,TROLLEYBUS,BKK_T0260-xBiq5gsPSC2cNGtkJPvJAQ,47.491253,19.116274,,,
MHU814,MB Citaro C2-S1 szóló autóbusz,BUS,,47.57167,19.134424,,,
LMG070,VOLVO-ALFABUSZ Civis 12 típ.szóló autób.,BUS,BKK_LMG070-jOKf_uwwRO-Di3xfHiLzyA,47.567474,19.03162,,,
NWB362,MERCEDES Conecto szóló (BKV),BUS,,47.507957,19.209526,144,"R.szentmihály, Csömöri út",Örs vezér tere M H
FLR739,Volvo 7700A típusú csuklós autóbusz,BUS,,47.499916,19.237047,,,
LMG049,VOLVO-ALFABUSZ Civis 12 típ.szóló autób.,BUS,BKK_C3449714,47.532883,19.065886,918,Óbudai autóbuszgarázs,Kelenföld vasútállomás M
NCA484,MERCEDES Conecto csuklós,BUS,BKK_NCA484-nMWnXVh9QE2EcufbiT5ffg,47.458904,19.028584,,,
NWB363,MERCEDES Conecto szóló (BKV),BUS,BKK_C3438218,47.5039,19.141525,908,Cinkotai autóbuszgarázs,Móricz Zs. körtér M
SIF015,VanHool  NewAG300 csuklós autóbusz,BUS,BKK_C3823830,47.404476,19.185915,950,"Rákospalota, Kossuth utca",Pestszentimre vasútáll.
LMG075,VOLVO-ALFABUSZ Civis 12 típ.szóló autób.,BUS,,47.56718,19.032604,,,
FJX214,Volvo 7700A típusú csuklós autóbusz,BUS,,47.473305,19.027845,,,
LMG074,VOLVO-ALFABUSZ Civis 12 típ.szóló autób.,BUS,,47.567474,19.032335,,,
NWB361,MERCEDES Conecto szóló (BKV),BUS,BKK_C3438213,47.48741,19.023737,908,Cinkotai autóbuszgarázs,Móricz Zs. körtér M
NCA490,MERCEDES Conecto csuklós,BUS,BKK_C356093,47.48878,19.06359,909,"Kispest, Kossuth tér",Deák Ferenc tér M
NCA488,MERCEDES Conecto csuklós,BUS,BKK_C3646910176,47.42273,19.105272,66,"Soroksár, közp. raktárak",Határ út M
NCA489,MERCEDES Conecto csuklós,BUS,BKK_NCA489-4fl3lr2ZRMyUUoUvgk2mNw,47.458824,19.026863,,,
FLR736,Volvo 7700A típusú csuklós autóbusz,BUS,BKK_C373222175,47.499577,19.235485,M3,Lehel tér M,Nagyvárad tér M
LMG032,VOLVO-ALFABUSZ Civis 12 típ.szóló autób.,BUS,BKK_C36454435,47.57082,19.027594,29,Hűvösvölgy,Szentlélek tér H
V2034,Siemens Combino,TRAM,BKK_C34761153939,47.488873,19.070524,6,Móricz Zs. körtér M,Széll Kálmán tér M
V1354,KCSV7 Korszerűsített Ganz,TRAM,BKK_C377832617,47.495335,19.04849,2,Jászai Mari tér,Közvágóhíd H
NTP537,Modulo M108d szóló autóbusz,BUS,,47.473797,19.027603,,,
V2035,Siemens Combino,TRAM,BKK_C34761153906,47.50751,19.023384,6,Móricz Zs. körtér M,Széll Kálmán tér M
SGY806,MAN Lions City A21 (ArrivaBus),BUS,,47.458088,19.028843,,,
MHK919,Volvo 7000A típusú csuklós autóbusz,BUS,,47.50042,19.236841,,,
V1526,TW 6000,TRAM,BKK_C19325528,47.51846,19.111874,69,"Újpalota, Erdőkerülő utca",Mexikói út M
V2037,Siemens Combino,TRAM,BKK_C34761153918,47.51054,19.055405,6,Móricz Zs. körtér M,Széll Kálmán tér M
MHK921,Volvo 7000A típusú csuklós autóbusz,BUS,,47.499233,19.236841,,,
MRZ382,"MAN A21 szóló (Volán, helyi, 3 ajtós)",BUS,BKK_MRZ382-WyntMAZpRoG5Q54uGePQYw,47.46387,19.022257,,,
SGY802,MAN Lions City A21 (ArrivaBus),BUS,,47.45792,19.02737,,,
V2032,Siemens Combino,TRAM,BKK_C34106121058,47.49046,19.070807,6,Móricz Zs. körtér M,Széll Kálmán tér M
FLR707,Volvo 7700A típusú csuklós autóbusz,BUS,,47.500027,19.235111,,,
SGY811,MAN Lions City A21 (ArrivaBus),BUS,,47.457672,19.028463,,,
FLR713,Volvo 7700A típusú csuklós autóbusz,BUS,,47.499874,19.235573,,,
NTP542,Modulo M108d szóló autóbusz,BUS,,47.473423,19.029135,,,
T0237,GVM (Ikarus 280)típusú trolibusz,TROLLEYBUS,,47.491764,19.116804,81,Fischer István utca,Örs vezér tere M H
NTP539,Modulo M108d szóló autóbusz,BUS,,47.47403,19.027884,,,
FJX189,Volvo 7700A típusú csuklós autóbusz,BUS,,47.477272,19.048815,33,"Nagytétény, ipartelep",Móricz Zs. körtér M
BPI069,Ikarus 412-es típusú autóbusz,BUS,,47.42848,19.156588,,,
V4002,Tátra T5C5K,TRAM,BKK_C363526107J,47.48891,19.108852,1,Kelenföld vasútállomás M,Bécsi út / Vörösvári út
MRZ375,"MAN A21 szóló (Volán, helyi, 3 ajtós)",BUS,,47.4635,19.022665,,,
V4001,Tátra T5C5K,TRAM,BKK_C3474326014,47.502834,19.024153,61,Móricz Zs. körtér M,Hűvösvölgy
V1535,TW 6000,TRAM,BKK_C193251216J,47.522057,19.10335,69,"Újpalota, Erdőkerülő utca",Mexikói út M
MRZ392,"MAN A21 szóló (Volán, helyközi, 2 ajtós)",BUS,BKK_MRZ392-sAF7ETIdRfaksFwo-oIT2Q,47.43207,19.0428,,,
NLE851,MODULO Medio C68E midi autóbusz,BUS,,47.474903,19.027979,,,
NTP527,Volvo 7000A típusú csuklós autóbusz,BUS,BKK_NTP527-AecW9kPPS22oSDR8qZCjbw,47.499393,19.235607,,,
RVY721,MERCEDES Conecto G 3 csuklós busz(Volán),BUS,,47.477627,19.343088,,,
FJX195,Volvo 7700A típusú csuklós autóbusz,BUS,,47.474106,19.028193,,,
FLR722,Volvo 7700A típusú csuklós autóbusz,BUS,,47.499508,19.235527,,,
V1537,TW 6000,TRAM,BKK_C175521380,47.465057,19.122524,52,"P.erzsébet, Pacsirtatelep",Határ út M
MRZ394,"MAN A21 szóló (Volán, helyi, 3 ajtós)",BUS,BKK_MRZ394-hcEacaXWQAWSTmJlRynosQ,47.432278,19.042854,,,
SGY814,MAN Lions City A21 (ArrivaBus),BUS,,47.458065,19.029068,,,
FJX196,Volvo 7700A típusú csuklós autóbusz,BUS,,47.473255,19.027897,,,
MRP089,"MAN A21 szóló (Volán, helyközi, 2 ajtós)",BUS,,47.45487,18.974417,,,
SGY815,MAN Lions City A21 (ArrivaBus),BUS,BKK_SGY815--nzrX-osTMKqDySPM_Sp7Q,47.457867,19.028193,,,
NTP544,Modulo M108d szóló autóbusz,BUS,,47.473774,19.027609,,,
FLR716,Volvo 7700A típusú csuklós autóbusz,BUS,,47.50049,19.23678,,,
NTP545,Modulo M108d szóló autóbusz,BUS,,47.473515,19.027523,,,
V1363,Ganz csuklós,TRAM,BKK_C36350561,47.46989,19.02462,49,Kelenföld vasútállomás M,Deák Ferenc tér M
MRZ389,"MAN A21 szóló (Volán, helyi, 3 ajtós)",BUS,BKK_MRZ389-LW4GFvPkQdatTGMSVXUw4w,47.432095,19.043104,,,
FLR724,Volvo 7700A típusú csuklós autóbusz,BUS,BKK_C382811177,47.46171,19.134865,914,"Káp.megyer, Mogyoródi-p.",Dél-pesti autóbuszgarázs
NUV682,VanHool NewA330 szóló autóbusz,BUS,BKK_NUV682-Jm0Nwp76Rxa8rWrI6TeDng,47.428013,19.158928,,,
SGY820,MAN Lions City A21 (ArrivaBus),BUS,,47.457687,19.0286,,,
FJX198,Volvo 7700A típusú csuklós autóbusz,BUS,,47.473328,19.028605,,,
FJX199,Volvo 7700A típusú csuklós autóbusz,BUS,BKK_C345551,47.503468,19.136173,907,Örs vezér tere M H,Kelenföld vasútállomás M
SGY818,MAN Lions City A21 (ArrivaBus),BUS,BKK_C377231,47.470253,19.019453,941,Budatétény vá. (Campona),Móricz Zs. körtér M
FKU945,Volvo 7700A típusú csuklós autóbusz,BUS,BKK_FKU945-H6kKMlK1SXirhtxQvvW7Cw,47.500874,19.235744,,,
V1330,KCSV7 Korszerűsített Ganz,TRAM,,47.471054,19.092642,2,Jászai Mari tér,Közvágóhíd H
V1502,TW 6000,TRAM,BKK_C19325532,47.53959,19.14552,69,"Újpalota, Erdőkerülő utca",Mexikói út M
MRZ359,"MAN A21 szóló (Volán, helyi, 3 ajtós)",BUS,,47.474125,19.045809,,,
SKR815,MERCEDES Conecto 2 szóló autóbusz,BUS,BKK_C3438619,47.537766,19.0533,901,Bécsi út / Vörösvári út,Kelenföld vasútállomás M
MXJ008,Ikarus 127V típusú szóló autóbusz,BUS,,47.473232,19.028643,,,
V2013,Siemens Combino,TRAM,BKK_C3410613397J,47.49012,19.106398,4,Újbuda-központ M,Széll Kálmán tér M
SKR817,MERCEDES Conecto 2 szóló autóbusz,BUS,,47.49143,19.118944,,,
V2014,Siemens Combino,TRAM,BKK_C34761153933,47.47722,19.049171,6,Móricz Zs. körtér M,Széll Kálmán tér M
MMM132,MERCEDES Citaro O 530 (BKV spec.),BUS,BKK_C3570723,47.548473,19.029552,960,"B.megyer, Újmegyeri tér",Móricz Zs. körtér M
T0711,Ikarus 412-es típusú trolibusz,TROLLEYBUS,,47.491634,19.1178,,,
V4108,Tátra T5C5K,TRAM,BKK_C35245150,47.575947,19.115673,14,"Káp.megyer, Megyeri út",Lehel tér M
V1328,KCSV7 Korszerűsített Ganz,TRAM,BKK_C377831227J,47.47163,19.072706,2,Jászai Mari tér,Közvágóhíd H
MRP053,"MAN A21 szóló (Volán, helyi, 3 ajtós)",BUS,BKK_C37751327,47.509136,19.129507,240,Móricz Zs. körtér M,Budaörsi lakótelep
MRZ357,"MAN A21 szóló (Volán, helyi, 3 ajtós)",BUS,BKK_C150382,47.50761,19.022783,922,"Budakeszi, Dózsa Gy. tér",Széll Kálmán tér M
FKU944,Volvo 7700A típusú csuklós autóbusz,BUS,,47.50146,19.235516,,,
MMM137,MERCEDES Citaro O 530 (BKV spec.),BUS,,47.550735,19.04181,,,
FKU949,Volvo 7700A típusú csuklós autóbusz,BUS,,47.482788,19.127043,,,
MMM134,MERCEDES Citaro O 530 (BKV spec.),BUS,BKK_C356993278,47.568325,19.0301,260,Harsánylejtő,Óbudai rendelőintézet
MRZ363,"MAN A21 szóló (Volán, helyi, 3 ajtós)",BUS,BKK_C29078953,47.452282,19.007383,22A,"Budakeszi, Dózsa Gy. tér",Széll Kálmán tér M
NYZ915,MERCEDES Citaro O 530 (BKV spec.),BUS,BKK_NYZ915--XYTgsEARqW6rmavUTgIhg,47.567978,19.031628,,,
MRP058,"MAN A21 szóló (Volán, helyi, 3 ajtós)",BUS,BKK_C2720241,47.477997,19.045864,972,"Törökbálint, Nyár utca",Móricz Zs. körtér M
SKR816,MERCEDES Conecto 2 szóló autóbusz,BUS,,47.492294,19.11849,,,
MRP060,"MAN A21 szóló (Volán, helyi, 3 ajtós)",BUS,BKK_C2764110163,47.432785,18.918755,88,Budatétény vá. (Campona),Kelenföld vasútállomás M
MMM140,MERCEDES Citaro O 530 (BKV spec.),BUS,,47.568264,19.030529,,,
MRP066,"MAN A21 szóló (Volán, helyi, 3 ajtós)",BUS,BKK_C272024,47.47194,19.021074,940,Budaörsi lakótelep,Móricz Zs. körtér M
MRZ370,"MAN A21 szóló (Volán, helyi, 3 ajtós)",BUS,,47.46794,19.04991,64A,"Solymár, Templom tér",Hűvösvölgy
SKR826,MERCEDES Conecto 2 szóló autóbusz,BUS,BKK_SKR826-Kl9HptZLSh2Cqmal8kYD6Q,47.426926,19.158308,,,
NTM434,Modulo M108d szóló autóbusz (rend.tart.),BUS,,47.47397,19.026773,,,
V2024,Siemens Combino,TRAM,,47.49147,19.105331,,,
V1340,KCSV7 Korszerűsített Ganz,TRAM,,47.47078,19.091995,2,Jászai Mari tér,Közvágóhíd H
MMM139,MERCEDES Citaro O 530 (BKV spec.),BUS,,47.504375,19.106218,,,
MRP065,"MAN A21 szóló (Volán, helyközi, 2 ajtós)",BUS,BKK_MRP065-REoMA2T-Rz2P8vKfKPOdxQ,47.567436,19.025366,,,
MRZ369,"MAN A21 szóló (Volán, helyközi, 2 ajtós)",BUS,,47.432026,19.043083,,,
NTM432,Modulo M108d szóló autóbusz (rend.tart.),BUS,BKK_C3771537,47.493713,19.060131,979,"Csepel, Csillagtelep","Újpalota, Nyírpalota út"
SKR824,MERCEDES Conecto 2 szóló autóbusz,BUS,BKK_SKR824-xtHu8PfyTOa2kTWAf7FIWQ,47.427036,19.158197,,,
BPO459,Ikarus 280-as típusú autóbusz,BUS,,47.428898,19.156406,,,
SKR825,MERCEDES Conecto 2 szóló autóbusz,BUS,BKK_C314784,47.406876,19.100277,948,"Csepel, Hollandi út",Dél-pesti autóbuszgarázs
MRZ366,"MAN A21 szóló (Volán, helyi, 3 ajtós)",BUS,BKK_MRZ366-meglDlnoQky3M_2W--UNDw,47.432064,19.043211,,,
V2020,Siemens Combino,TRAM,BKK_C34761153912,47.507343,19.024986,6,Móricz Zs. körtér M,Széll Kálmán tér M
MRZ365,"MAN A21 szóló (Volán, helyközi, 2 ajtós)",BUS,,47.43202,19.044249,,,
MRZ367,"MAN A21 szóló (Volán, helyi, 3 ajtós)",BUS,,47.432262,19.042871,,,
NTM438,Modulo M108d szóló autóbusz (rend.tart.),BUS,,47.509197,19.015615,,,
T0224,GVM (Ikarus 280)típusú trolibusz,TROLLEYBUS,,47.491917,19.119656,,,
V2028,Siemens Combino,TRAM,BKK_C34106121067,47.50731,19.024729,6,Móricz Zs. körtér M,Széll Kálmán tér M
MRP069,"MAN A21 szóló (Volán, helyi, 3 ajtós)",BUS,,47.477943,19.045412,,,
SKR831,MERCEDES Conecto 2 szóló autóbusz,BUS,BKK_C314787,47.43881,19.145819,948,"Csepel, Hollandi út",Dél-pesti autóbuszgarázs
FLR703,Volvo 7700A típusú csuklós autóbusz,BUS,,47.500954,19.236355,,,
FLR705,Volvo 7700A típusú csuklós autóbusz,BUS,,47.499992,19.235508,,,
SKR829,MERCEDES Conecto 2 szóló autóbusz,BUS,,47.427067,19.158142,,,
MXJ014,Ikarus 127V típusú szóló autóbusz,BUS,,47.474064,19.027874,,,
NBW014,MERCEDES Conecto szóló (BKV),BUS,,47.498665,19.236305,,,
V4238,Tátra T5C5K,TRAM,,47.49066,19.089396,,,
NAY265,Ikarus 412-es típusú autóbusz,BUS,,47.42826,19.158556,,,
NBW015,MERCEDES Conecto szóló (BKV),BUS,BKK_C369644064,47.513336,19.199312,31,"Árpádföld, Bekecs utca",Örs vezér tere M H
NBW010,MERCEDES Conecto szóló (BKV),BUS,BKK_NBW010-CKXP8_q8Q8GX6fPPMU5EqQ,47.498676,19.236378,,,
V4232,Tátra T5C5K,TRAM,BKK_C35245909,47.560738,19.089832,14,"Káp.megyer, Megyeri út",Lehel tér M
1105,MXA,SUBURBAN_RAILWAY,BKK_H80001_4-20211014-01,47.5071,19.03941,H5,Szentendre,Batthyány tér
MOS287,"Volvo 7900 csuklós (Volán, helyk., 3 a )",BUS,BKK_C338144419,47.411293,19.056692,38,Szigetszentmiklós,"Csepel, Szent Imre tér"
V2221,CAF 5 modulos szerelvény,TRAM,BKK_C349543706J,47.464584,19.126553,3,Mexikói út M,Gubacsi út / Határ út
NBW012,MERCEDES Conecto szóló (BKV),BUS,BKK_C3485412,47.507492,19.132303,931A,Deák Ferenc tér M,Örs vezér tere M H
NBW011,MERCEDES Conecto szóló (BKV),BUS,,47.49925,19.237118,,,
V2220,CAF 5 modulos szerelvény,TRAM,,47.502037,19.136864,,,
MPV999,Solaris Urbino 10 típusú midi autóbusz,BUS,,47.491493,19.117626,,,
V4240,Tátra T5C5K,TRAM,,47.55138,19.093513,,,
MXJ005,Ikarus 127V típusú szóló autóbusz,BUS,BKK_C37132508,47.47385,19.0278,155,Fácános tér,Széll Kálmán tér M
STZ849,Mercedes-Benz eCitaro,BUS,,47.495243,19.128212,,,
NAY267,Ikarus 412-es típusú autóbusz,BUS,,47.428936,19.156286,,,
MPW636,VanHool A330 CNG típusú szóló autóbusz,BUS,BKK_C373774023,47.41172,19.175808,266,"Ganztelep, Mednyánszky u.",Pestszentimre vasútáll.
V1313,Ganz csuklós,TRAM,BKK_C21846973,47.494568,19.059761,47,Városház tér,Deák Ferenc tér M
MPV997,Solaris Urbino 10 típusú midi autóbusz,BUS,,47.49178,19.118952,,,
PKD001,Ikarus 127V típusú szóló autóbusz,BUS,BKK_C3710625,47.49208,19.042458,990,Rákoskert,Normafa
BPI027,Ikarus 412-es típusú autóbusz,BUS,,47.428883,19.15616,,,
LYH106,MERCEDES Citaro O 530 (BKV spec.),BUS,BKK_C356993287,47.581787,19.038471,160,Békásmegyer H,Óbudai rendelőintézet
V1318,Ganz csuklós,TRAM,BKK_C21846969,47.471966,19.045593,47,Városház tér,Deák Ferenc tér M
V2002,Siemens Combino,TRAM,BKK_C34761153924,47.476814,19.051403,6,Móricz Zs. körtér M,Széll Kálmán tér M
NAY305,MAN Lions City A21 (ArrivaBus),BUS,,47.44265,19.082352,,,
V2004,Siemens Combino,TRAM,,47.49158,19.104315,4,Újbuda-központ M,Széll Kálmán tér M
T0700,Ikarus 412-es típusú trolibusz,TROLLEYBUS,,47.49178,19.11616,,,
NAY304,MAN Lions City A21 (ArrivaBus),BUS,BKK_NAY304-tsHgA0odSj6gQ-tALM7LWw,47.443035,19.082333,,,
NAY270,Ikarus 412-es típusú autóbusz,BUS,,47.427883,19.158356,,,
LYH103,MERCEDES Citaro O 530 (BKV spec.),BUS,,47.568527,19.028755,,,
LYH104,MERCEDES Citaro O 530 (BKV spec.),BUS,,47.553364,19.040188,,,
NAY271,Ikarus 412-es típusú autóbusz,BUS,,47.426846,19.159538,,,
V2005,Siemens Combino,TRAM,BKK_C34761153951,47.510067,19.056524,6,Móricz Zs. körtér M,Széll Kálmán tér M
LYH110,MERCEDES Citaro O 530 (BKV spec.),BUS,,47.568035,19.031324,,,
V2006,Siemens Combino,TRAM,,47.49139,19.103617,,,
V2008,Siemens Combino,TRAM,,47.49193,19.104261,4,Újbuda-központ M,Széll Kálmán tér M
V4318,Tátra T5C5K,TRAM,,47.51777,18.99352,56A,Móricz Zs. körtér M,Hűvösvölgy
V4326,Tátra T5C5K,TRAM,BKK_V4326-XjoNR6I7RO6mIR3atVsFJg,47.517704,18.993193,,,
MRZ400,"MAN A21 szóló (Volán, helyi, 3 ajtós)",BUS,BKK_C1503811,47.51842,18.985447,922,"Budakeszi, Dózsa Gy. tér",Széll Kálmán tér M
V4141,Tátra T5C5K,TRAM,,47.517212,18.996382,,,
MRZ249,"MAN A21 szóló (Volán, helyi, 3 ajtós)",BUS,BKK_C25221179,47.575775,18.879578,63,"Nagykovácsi, Tisza I. tér",Hűvösvölgy
MRZ250,"MAN A21 szóló (Volán, helyi, 3 ajtós)",BUS,BKK_C125742,47.54771,18.954351,963,"Nagykovácsi, Tisza I. tér",Hűvösvölgy
V4279,Tátra T5C5K,TRAM,,47.517784,18.993084,,,
V4125,Tátra T5C5K,TRAM,BKK_C3474326040,47.51817,18.99349,56A,Móricz Zs. körtér M,Hűvösvölgy
V4111,Tátra T5C5K,TRAM,,47.51772,18.993185,59,Márton Áron tér,Szent János Kórház
NGC150,MERCEDES Citaro O 530 (BKV spec.),BUS,BKK_C344951864,47.5468,18.964478,57,Hűvösvölgy,Remetekertváros
NGC024,Modulo M108d szóló autóbusz,BUS,,47.5041,18.99065,21,Széll Kálmán tér M,"Csillebérc, KFKI"
MRZ385,"MAN A21 szóló (Volán, helyi, 3 ajtós)",BUS,BKK_C127402,47.546734,18.964458,964,"Solymár, PEMÜ",Hűvösvölgy
MRP062,"MAN A21 szóló (Volán, helyközi, 2 ajtós)",BUS,BKK_C3131315138,47.582153,18.939154,164,"Solymár, PEMÜ",Hűvösvölgy
