Síterep,Link,Régió,Parkoló,Hegytető,Sípályák hossza,Szintkülönbség,Liftek száma,Szezon eleje,Szezon vége,Távolság Budapesttől,Felnőtt napijegy ára,Húzólift,Kombilift,Kék,Piros,Fekete,Ülőlift,Nagykabinos lift,Kiskabinos lift,Vonat
Abtenau im Lammertal - Karkogel,https://sielok.hu/siterep/abtenau/,Salzburg,712,1200,9.0,488,5,2022.12.30.,2023.03.26.,533.0,40.0,4,1,4.4,1.6,3.0,0,0,0,0
Achenkirch - Christlum,https://sielok.hu/siterep/achenkirch-christlum/,Tirol,950,1800,27.0,850,10,2022.12.15.,2023.04.10.,709.0,55.0,6,0,6.0,16.0,5.0,4,0,0,0
Aflenz - Bürgeralm,https://sielok.hu/siterep/aflenz/,Stájerország,810,1810,14.0,1000,7,2022.12.10.,2023.03.26.,364.0,37.0,6,0,2.0,10.0,2.0,1,0,0,0
Alberschwende,https://sielok.hu/siterep/alberschwende/,Vorarlberg,720,1200,2.5,480,2,,,863.0,26.0,2,0,1.0,1.5,0.0,0,0,0,0
Altaussee - Loser,https://sielok.hu/siterep/loser/,Stájerország,850,1800,34.0,950,9,2022.12.08.,2023.04.10.,496.0,48.0,5,0,21.0,12.0,1.0,4,0,0,0
Andelsbuch - Baumgartnerhöhe,https://sielok.hu/siterep/andelsbuch-baumgartnerhoehe/,Vorarlberg,655,1715,10.0,1060,8,,,873.0,36.4,5,0,5.0,4.0,1.0,2,1,0,0
Annaberg,https://sielok.hu/siterep/annaberg/,Alsó-Ausztria,896,1300,12.5,404,5,2022.12.16.,2023.03.19.,345.0,A síbérlet ára naponta változikKedvezményes síbérlet,3,0,8.0,2.5,2.0,2,0,0,0
Arabichl - Kirchberg am Wechsel,https://sielok.hu/siterep/kirchbergamwechsel/,Alsó-Ausztria,1350,1593,2.0,243,2,,,306.0,,2,0,2.0,0.0,0.0,0,0,0,0
Arnoldstein - Dreiländereck,https://sielok.hu/siterep/arnoldstein/,Karintia,680,1550,15.1,870,7,2022.12.22.,2023.03.12.,570.0,43.0,6,0,4.7,7.2,3.2,1,0,0,0
Axamer Lizum,https://sielok.hu/siterep/axamerlizum/,Tirol,1560,2340,38.5,780,9,2022.11.26.,2023.04.10.,745.0,49.0,3,0,6.5,23.3,8.7,3,0,2,1
Bad Gastein - Graukogel,https://sielok.hu/siterep/bad-gastein-graukogel/,Salzburg,1079,2007,11.9,928,3,,,583.0,46.0,1,0,3.5,6.4,2.0,2,0,0,0
Bad Hofgastein - Bad Gastein,https://sielok.hu/siterep/bad-hofgastein-bad-gastein/,Salzburg,860,2300,82.7,1440,18,2022.12.02.,2023.04.16.,576.0,68.5,4,0,30.8,49.3,2.6,6,1,7,0
Bad Kleinkirchheim,https://sielok.hu/siterep/badkleinkirchheim/,Karintia,1087,2055,103.0,968,22,2022.12.09.,2023.04.10.,560.0,56.5,10,0,18.0,77.0,8.0,8,0,4,0
Berg im Drautal - Emberger Alm,https://sielok.hu/siterep/emberger-alm-berg-im-drautal/,Karintia,1650,2120,10.0,470,4,2022.12.22.,2023.03.26.,629.0,37.0,4,0,5.0,4.0,1.0,0,0,0,0
Bergeralm,https://sielok.hu/siterep/bergeralm/,Tirol,1048,2180,29.0,1132,7,2022.12.02.,2023.04.10.,748.0,46.8,4,1,10.0,10.0,9.0,1,0,1,0
Bergkastel Nauders,https://sielok.hu/siterep/nauders-am-reschenpass-bergkastel/,Tirol,1400,2750,75.0,1350,10,2022.12.08.,2023.04.14.,837.0,55.0,3,0,25.0,36.0,14.0,6,0,1,0
Berwangertal,https://sielok.hu/siterep/berwang/,Tirol,1067,1743,36.0,676,13,2022.12.17.,2023.04.10.,756.0,55.0,7,1,19.2,15.2,1.6,4,0,1,0
Biberwier - Marienberg,https://sielok.hu/siterep/biberwier-marienberg/,Tirol,1000,1820,11.0,820,5,2022.12.16.,2023.04.02.,750.0,56.0,3,0,7.3,3.7,0.0,2,0,0,0
Birkenlift,https://sielok.hu/siterep/birkenlift/,Tirol,1167,1214,2.2,47,4,2022.12.16.,2023.03.19.,,34.0,4,0,2.2,0.0,0.0,0,0,0,0
Brandlift - Scharnitz,https://sielok.hu/siterep/brandlift-scharnitz/,Tirol,964,1050,1.0,86,1,,,756.0,11.0,1,0,1.0,0.0,0.0,0,0,0,0
Brandnertal,https://sielok.hu/siterep/brandnertal/,Vorarlberg,904,2000,52.0,1096,14,2022.12.17.,2023.04.10.,868.0,,5,0,23.0,28.0,1.0,6,1,2,0
Bregenz - Pfänder,https://sielok.hu/siterep/bregenz-pfaender/,Vorarlberg,421,1064,3.0,643,4,,,844.0,20.3,3,0,3.0,0.0,0.0,0,1,0,0
Brunnalm - Hohe Veitsch,https://sielok.hu/siterep/brunnalm/,Stájerország,1064,1450,9.0,386,6,,,342.0,36.0,5,0,3.0,4.0,2.0,1,0,0,0
Buchensteinwand - St. Ulrich am Pillersee,https://sielok.hu/siterep/pillersee/,Tirol,855,1456,21.2,601,9,2022.12.17.,2023.03.26.,608.0,42.0,7,0,8.0,10.2,3.0,2,0,0,0
Dachstein gleccser,https://sielok.hu/siterep/dachstein/,Stájerország,2264,2700,5.0,436,5,,,508.0,,3,0,0.0,4.0,1.0,1,1,0,0
Dachstein West,https://sielok.hu/siterep/dachstein_west/,Salzburg,745,1617,51.0,872,22,2022.12.03.,2023.04.02.,523.0,57.0,11,0,15.0,33.0,3.0,8,0,3,0
Damüls - Mellau,https://sielok.hu/siterep/damuls/,Vorarlberg,710,2050,80.6,1340,20,2022.12.08.,2023.04.16.,890.0,61.0,5,0,29.9,48.8,1.9,13,0,2,0
Diedamskopf,https://sielok.hu/siterep/diedamskopf/,Vorarlberg,820,2060,40.0,1240,9,2022.12.17.,2023.04.09.,896.0,55.0,5,0,13.0,18.0,9.0,2,0,2,0
Dürrnberg - Hallein / Zinken,https://sielok.hu/siterep/durrnberg/,Salzburg,837,1330,8.0,493,4,,,573.0,32.0,3,0,2.0,5.5,0.5,1,0,0,0
Eben - Monte Popolo,https://sielok.hu/siterep/eben/,Salzburg,875,1601,6.0,726,4,2022.12.23.,2023.03.26.,519.0,47.5,2,0,4.0,2.0,0.0,2,0,0,0
Eberstein - Saualpe,https://sielok.hu/siterep/eberstein-saualpe/,Karintia,1650,1780,0.9,130,1,2022.12.23.,2023.03.12.,514.0,24.0,1,0,0.9,0.0,0.0,0,0,0,0
Ehrwald,https://sielok.hu/siterep/ehrwald/,Tirol,1112,1923,27.5,811,7,2022.12.16.,2023.04.16.,748.0,56.0,3,0,18.1,7.4,2.0,3,0,1,0
Ehrwald - Wettersteinbahnen,https://sielok.hu/siterep/ehrwald-wettersteinbahnen/,Tirol,1000,1530,23.0,530,6,2022.12.22.,2023.03.26.,746.0,56.0,4,0,15.0,5.0,3.0,2,0,0,0
Elbigenalp - Knittellifte,https://sielok.hu/siterep/elbigenalp-knittellifte/,Tirol,1040,1140,2.0,100,3,,,792.0,,3,0,1.5,0.5,0.0,0,0,0,0
Embach - Hörndl,https://sielok.hu/siterep/embach-hoerndl/,Salzburg,1012,1296,3.0,284,2,2022.12.22.,2023.03.12.,567.0,30.0,2,0,2.0,1.0,0.0,0,0,0,0
Fageralm,https://sielok.hu/siterep/fageralm/,Stájerország,930,1885,15.0,955,7,2022.12.23.,2023.04.10.,506.0,59.0,5,0,7.0,8.0,0.0,2,0,0,0
Falkert - Heidi Alm Skipark,https://sielok.hu/siterep/falkert/,Karintia,1840,2107,11.0,267,3,2022.12.17.,2023.04.16.,563.0,32.0,3,0,3.0,8.0,0.0,0,0,0,0
Fanningberg,https://sielok.hu/siterep/fanningberg/,Salzburg,1497,2115,24.0,618,5,2022.12.08.,2023.04.10.,502.0,50.0,3,0,11.1,5.8,7.1,2,0,0,0
Faschina (Fontanella),https://sielok.hu/siterep/faschina/,Vorarlberg,1450,1980,6.8,530,7,2022.12.17.,2023.04.10.,887.0,42.5,5,0,5.5,1.3,0.0,2,0,0,0
Feistritzsattel,https://sielok.hu/siterep/feistritzsattel/,Alsó-Ausztria,1100,1300,1.7,200,2,,,305.0,,2,0,0.0,1.7,0.0,0,0,0,0
Fendels,https://sielok.hu/siterep/fendels/,Tirol,1325,2271,8.5,946,6,2022.12.17.,2023.04.10.,808.0,42.0,4,0,3.8,3.6,1.1,1,0,1,0
Feuerkogel - Ebensee,https://sielok.hu/siterep/feuerkogel/,Felső-Ausztria,443,1648,10.6,1205,8,2022.12.17.,2023.04.10.,501.0,45.7,5,0,6.5,3.1,1.0,1,1,1,0
Filzmoos,https://sielok.hu/siterep/filzmoos/,Salzburg,970,1591,20.0,621,8,2022.12.17.,2023.04.09.,514.0,59.5,5,0,9.0,10.0,1.0,2,0,1,0
Flachau Wagrain St. Johann - Snow Space Salzburg,https://sielok.hu/siterep/flachau-wagrain-alpendorf/,Salzburg,740,1980,120.1,1240,45,2022.12.03.,2023.04.15.,532.0,68.0,17,0,34.0,82.1,4.0,16,2,10,0
Flattnitz,https://sielok.hu/siterep/flattnitz/,Karintia,1400,1840,12.0,440,4,2022.12.08.,2023.03.12.,492.0,36.5,3,0,7.0,2.0,3.0,1,0,0,0
Forsteralm,https://sielok.hu/siterep/forsteralm/,Felső-Ausztria,720,1078,2.8,358,3,2022.12.16.,2023.03.12.,410.0,24.0,3,0,2.8,0.0,0.0,0,0,0,0
Furx,https://sielok.hu/siterep/furx/,Vorarlberg,900,1200,2.5,300,4,,,881.0,20.0,4,0,2.0,0.5,0.0,0,0,0,0
Fügen - Spieljoch,https://sielok.hu/siterep/fuegen/,Tirol,610,2054,17.1,1444,11,2022.12.17.,2023.04.10.,697.0,65.5,6,0,3.6,10.8,2.7,2,0,3,0
Gaaler Lifte,https://sielok.hu/siterep/gaal/,Stájerország,860,1230,8.0,370,3,2022.12.02.,2023.03.12.,410.0,39.0,2,0,3.5,4.0,0.5,1,0,0,0
Gaberl - Plankogel,https://sielok.hu/siterep/gaberl/,Stájerország,1303,1551,6.9,248,3,,,401.0,29.0,3,0,3.8,2.7,0.4,0,0,0,0
Gaissau - Hintersee,https://sielok.hu/siterep/gaissau/,Salzburg,750,1567,30.0,817,8,,,553.0,42.0,5,0,20.0,9.0,1.0,3,0,0,0
Galsterbergalm,https://sielok.hu/siterep/galsterbergalm/,Stájerország,1000,1984,11.2,984,5,2022.12.07.,2023.04.10.,486.0,62.0,3,0,4.1,6.6,0.5,1,0,1,0
Galtür - Silvapark,https://sielok.hu/siterep/galtur/,Tirol,1600,2300,43.0,700,10,2022.12.10.,2023.04.16.,838.0,46.5,6,0,6.0,25.0,12.0,2,0,2,0
Gargellen,https://sielok.hu/siterep/gargellen/,Vorarlberg,1423,2300,30.0,877,8,2022.11.26.,2023.04.16.,882.0,,4,0,21.0,6.0,3.0,3,0,1,0
Gemeindealpe - Mitterbach,https://sielok.hu/siterep/gemeindealpe/,Alsó-Ausztria,800,1626,15.5,826,4,2022.12.17.,2023.03.19.,371.0,44.0,2,0,7.0,7.0,1.5,2,0,0,0
Gerlitzen Alpe,https://sielok.hu/siterep/gerlitzen/,Karintia,1000,1911,52.4,911,21,2022.12.03.,2023.04.10.,551.0,56.0,12,0,11.9,34.4,6.1,8,0,1,0
Gitschtal - Weißbriach,https://sielok.hu/siterep/weissbriach/,Karintia,820,1150,4.0,330,3,2022.12.24.,2023.03.05.,604.0,34.0,3,0,1.0,3.0,0.0,0,0,0,0
Glungezer,https://sielok.hu/siterep/glungezer/,Tirol,950,2304,23.0,1354,6,2022.12.16.,2023.04.11.,723.0,42.0,3,1,6.5,15.5,1.0,1,0,1,0
Goldeck,https://sielok.hu/siterep/goldeck/,Karintia,547,2142,25.0,1595,5,2022.12.16.,2023.03.26.,587.0,47.0,2,0,8.0,8.5,8.5,2,0,1,0
Goldegg,https://sielok.hu/siterep/goldegg/,Salzburg,832,1225,5.0,393,3,,,557.0,45.0,3,0,4.0,1.0,0.0,0,0,0,0
Golm,https://sielok.hu/siterep/golm/,Vorarlberg,650,2100,26.7,1450,9,2022.12.08.,2023.04.16.,863.0,50.5,2,0,13.3,11.9,1.5,4,0,3,0
Golzentipp - Obertilliach,https://sielok.hu/siterep/obertilliach/,Tirol,1430,2248,12.2,818,5,2022.12.17.,2023.04.16.,659.0,43.0,4,0,3.4,7.8,1.0,0,0,1,0
Grebenzen - St. Lambrecht,https://sielok.hu/siterep/grebenzen/,Stájerország,1010,1870,12.2,860,9,2022.12.10.,2023.03.19.,450.0,47.0,7,0,2.9,9.0,0.3,1,0,1,0
Grossarltal - Dorfgastein,https://sielok.hu/siterep/grossarltal/,Salzburg,849,2033,63.2,1184,17,2022.12.08.,2023.04.15.,562.0,68.0,4,0,27.8,34.0,1.4,8,0,5,0
Grosseck - Speiereck,https://sielok.hu/siterep/grosseck/,Salzburg,1095,2400,50.0,1305,10,2022.12.08.,2023.04.10.,501.0,50.0,4,0,26.0,17.0,7.0,4,0,2,0
Grossglockner  Kals - Matrei,https://sielok.hu/siterep/grossglockner/,Tirol,1020,2422,44.6,1402,14,2022.12.08.,2023.04.10.,682.0,55.0,5,0,9.5,24.5,10.6,6,0,3,0
Grän - Füssener Jöchle,https://sielok.hu/siterep/gran/,Tirol,1150,1821,9.0,671,5,2022.12.16.,2023.04.10.,832.0,45.0,3,0,3.0,5.5,0.5,1,0,1,0
Hahnenkamm - Höfen - Reutte,https://sielok.hu/siterep/hahnenkamm-hofen/,Tirol,854,1900,16.0,1046,4,2022.12.17.,2023.04.02.,761.0,44.0,2,0,5.0,9.0,2.0,1,0,1,0
Harmanschlag - Arralifte,https://sielok.hu/siterep/harmanschlag-arralifte/,Alsó-Ausztria,740,860,4.0,120,2,,,399.0,24.0,2,0,2.0,2.0,0.0,0,0,0,0
Hauereck - St. Kathrein am Hauenstein,https://sielok.hu/siterep/stkathrein/,Stájerország,1000,1305,4.1,305,4,2022.12.18.,2023.03.05.,338.0,35.0,3,0,1.7,2.4,0.0,1,0,0,0
Heiligenblut am Grossglockner,https://sielok.hu/siterep/heiligenblut/,Karintia,1301,2989,55.0,1688,12,2022.12.08.,2023.04.10.,668.0,53.0,7,0,20.0,34.0,1.0,1,1,3,0
Hinterreit - Saalfelden,https://sielok.hu/siterep/saalfelden/,Salzburg,780,1150,9.0,370,2,,,611.0,,2,0,7.0,2.0,0.0,0,0,0,0
Hinterstoder,https://sielok.hu/siterep/hinterstoder/,Felső-Ausztria,600,2000,39.9,1400,14,2022.12.10.,2023.04.10.,497.0,55.0,10,0,12.0,18.0,9.9,2,0,2,0
Hintertux gleccser,https://sielok.hu/siterep/hintertux/,Tirol,1500,3250,60.0,1750,21,,,738.0,65.0,9,0,14.0,35.0,11.0,6,0,6,0
Hirschegg - Heuberg - Walmendingerhorn - Ifen,https://sielok.hu/siterep/hirschegg/,Vorarlberg,1070,1946,33.7,876,14,2022.12.16.,2023.04.16.,841.0,57.5,8,1,19.5,11.9,2.3,4,1,0,0
Hittisau - Alpenarena Hochhäderich,https://sielok.hu/siterep/hittisau-hochhaederich-alpenarena/,Vorarlberg,1250,1600,10.5,350,5,2022.12.16.,2023.04.10.,847.0,36.0,4,0,3.5,5.0,2.0,1,0,0,0
Hittisau - Hittisberg,https://sielok.hu/siterep/hittisau-hausberg/,Vorarlberg,800,1000,1.9,200,2,,,848.0,20.0,2,0,1.0,0.9,0.0,0,0,0,0
Hochbärneck,https://sielok.hu/siterep/hochbarneck/,Alsó-Ausztria,800,1100,5.0,300,2,,,389.0,,2,0,3.0,2.0,0.0,0,0,0,0
Hochficht,https://sielok.hu/siterep/hochficht/,Felső-Ausztria,866,1338,20.1,472,9,2022.12.10.,2023.03.26.,501.0,47.0,4,0,9.1,10.0,1.0,3,0,2,0
Hochkar,https://sielok.hu/siterep/hochkar/,Alsó-Ausztria,1380,1808,19.2,428,8,2022.12.14.,2023.04.10.,426.0,43.5,2,0,5.7,10.0,3.5,6,0,0,0
Hochkönig,https://sielok.hu/siterep/hochkonig/,Salzburg,800,1900,120.0,1100,34,2022.12.08.,2023.04.10.,618.0,68.0,19,0,52.0,41.0,27.0,8,0,7,0
Hochlecken - Neukirchen - Altmünster,https://sielok.hu/siterep/hochlecken-neukirchen-altmuenster/,Felső-Ausztria,870,1150,4.0,280,5,,,499.0,,5,0,2.0,1.0,1.0,0,0,0,0
Hochrindl - Sirnitz - Deutsch Griffen,https://sielok.hu/siterep/hochrindl/,Karintia,1540,1886,20.6,346,7,2022.12.10.,2023.03.12.,555.0,42.0,6,0,5.4,11.4,3.8,1,0,0,0
Hochzeiger -  Pitztal,https://sielok.hu/siterep/hochzeiger/,Tirol,1450,2488,40.0,1038,9,2022.12.02.,2023.04.15.,795.0,47.0,4,0,10.0,22.0,8.0,4,0,1,0
Hochzillertal - Hochfügen,https://sielok.hu/siterep/hochzillertal/,Tirol,600,2378,85.6,1778,39,2022.12.03.,2023.04.16.,703.0,65.5,22,0,29.7,41.3,14.6,11,0,6,0
Hohentauern - Moscher,https://sielok.hu/siterep/hohentauern/,Stájerország,1230,1700,11.0,470,4,2022.12.17.,2023.03.19.,434.0,43.0,4,0,3.0,7.0,1.0,0,0,0,0
Holzgau - Gföllberglift,https://sielok.hu/siterep/holzgau-gfoellberglift/,Tirol,1108,1329,2.5,221,2,,,800.0,27.0,2,0,1.5,1.0,0.0,0,0,0,0
Holzmeisterlifte Sommeralm,https://sielok.hu/siterep/holzmeister/,Stájerország,1240,1400,3.0,160,2,,,329.0,23.5,2,0,2.0,1.0,0.0,0,0,0,0
Ifen,https://sielok.hu/siterep/ifen/,Vorarlberg,1270,2030,22.6,760,4,2022.12.10.,2023.04.16.,841.0,57.5,1,0,12.0,6.9,3.7,1,0,2,0
Imst / Hoch-Imst,https://sielok.hu/siterep/imster/,Tirol,1053,2026,10.3,973,4,2022.12.16.,2023.03.19.,785.0,39.1,2,0,2.6,5.8,1.9,0,0,2,0
Innerkrems,https://sielok.hu/siterep/innerkrems/,Karintia,1550,2200,36.0,650,9,,,513.0,44.0,7,0,7.0,27.0,2.0,2,0,0,0
Ischgl - Silvretta Arena,https://sielok.hu/siterep/ischgl/,Tirol,1360,2872,239.0,1512,41,2022.11.24.,2023.05.01.,826.0,67.0,9,0,47.0,143.0,49.0,25,3,4,0
Jauerling,https://sielok.hu/siterep/jauerling/,Alsó-Ausztria,825,959,0.5,134,1,,,352.0,,1,0,0.5,0.0,0.0,0,0,0,0
Jungholz,https://sielok.hu/siterep/jungholz/,Tirol,1058,1500,10.0,442,7,2022.12.17.,2023.04.02.,813.0,38.0,5,0,7.0,3.0,0.0,2,0,0,0
Jöchelspitze (Lechtal),https://sielok.hu/siterep/bach-joechelspitze/,Tirol,1200,1768,5.0,568,2,2022.12.23.,2023.03.19.,797.0,46.0,1,0,2.5,2.5,0.0,0,0,1,0
Kaiserau - Admont,https://sielok.hu/siterep/kaiserau/,Stájerország,1130,1370,3.0,240,3,2022.12.24.,2023.03.12.,430.0,32.0,3,0,2.0,1.0,0.0,0,0,0,0
Kappl,https://sielok.hu/siterep/kappl/,Tirol,1180,2690,40.0,1510,10,2022.12.16.,2023.04.16.,818.0,49.5,6,0,10.0,25.0,5.0,3,0,1,0
Kaprun - Kitzsteinhorn / Maiskogel,https://sielok.hu/siterep/kaprun/,Salzburg,768,3029,61.0,2261,21,2022.10.07.,2023.05.29.,647.0,66.0,6,1,29.0,23.0,9.0,6,1,6,1
Karlstift - Aichelberglifte,https://sielok.hu/siterep/karlstift-aichelberglifte/,Alsó-Ausztria,900,1050,6.0,150,2,2022.12.17.,2023.03.12.,406.0,28.6,2,0,2.7,2.3,1.0,0,0,0,0
Kartitsch,https://sielok.hu/siterep/kartitsch/,Tirol,1356,1820,4.0,464,3,,,645.0,,3,0,1.0,3.0,0.0,0,0,0,0
Kasberg - Grünau,https://sielok.hu/siterep/kasberg/,Felső-Ausztria,620,1600,23.0,980,10,2022.12.24.,2023.03.12.,485.0,52.0,7,0,13.0,8.0,2.0,1,0,2,0
Katschberg - Aineck,https://sielok.hu/siterep/katschberg/,Salzburg,1066,2220,70.0,1154,16,2022.12.03.,2023.04.10.,512.0,54.5,8,0,10.0,50.0,10.0,5,0,3,0
Kaunertal gleccser,https://sielok.hu/siterep/kaunertal/,Tirol,2150,3113,55.0,963,7,2022.10.01.,2023.05.29.,846.0,58.0,2,0,22.5,19.0,13.5,2,1,2,0
Kelchsau,https://sielok.hu/siterep/kelchsau/,Tirol,775,1605,10.9,830,4,,,684.0,31.5,3,0,6.8,4.1,0.0,1,0,0,0
Kirchdorf in Tirol,https://sielok.hu/siterep/kirchdorf/,Tirol,650,700,2.0,50,3,2022.12.18.,2023.03.26.,608.0,23.0,3,0,2.0,0.0,0.0,0,0,0,0
Kirchschlag,https://sielok.hu/siterep/kirchschlag/,Felső-Ausztria,750,900,3.0,150,3,,,451.0,20.0,3,0,2.0,1.0,0.0,0,0,0,0
Kitzbühel - Kirchberg - Kitzski,https://sielok.hu/siterep/kitzbuhel/,Tirol,800,2000,188.0,1200,57,2022.11.12.,2023.04.10.,623.0,65.0,18,0,102.0,66.0,20.0,27,1,11,0
"Kleinarl, Flachauwinkl - Shuttleberg",https://sielok.hu/siterep/kleinarl/,Salzburg,1000,1980,28.0,980,10,2022.12.08.,2023.04.10.,530.0,68.0,2,0,19.0,7.0,2.0,7,0,1,0
Kleinlobming,https://sielok.hu/siterep/kleinlobming/,Stájerország,764,1000,1.0,236,2,,,409.0,26.0,2,0,0.2,0.8,0.0,0,0,0,0
Klippitztörl,https://sielok.hu/siterep/klippitztorl/,Karintia,1460,1818,28.0,358,6,2022.12.09.,2023.04.02.,459.0,40.5,4,0,18.0,10.0,0.0,2,0,0,0
Koralpe,https://sielok.hu/siterep/koralpe/,Karintia,1650,2070,18.0,420,5,2022.12.17.,2023.03.26.,470.0,35.0,5,0,7.0,9.0,2.0,0,0,0,0
Krakautal,https://sielok.hu/siterep/krakau/,Stájerország,1220,1450,3.0,230,1,,,478.0,,1,0,1.0,2.0,0.0,0,0,0,0
Kreischberg - Murau,https://sielok.hu/siterep/kreischberg/,Stájerország,868,2118,42.5,1250,12,2022.12.08.,2023.04.10.,464.0,58.0,6,0,17.5,16.0,9.0,3,0,3,0
Krippenstein - Dachstein,https://sielok.hu/siterep/krippenstein/,Felső-Ausztria,609,2109,12.0,1500,7,2022.12.24.,2023.04.10.,500.0,50.7,3,0,3.0,9.0,0.0,1,3,0,0
Kühtai,https://sielok.hu/siterep/kuehtai/,Tirol,1938,2520,46.9,582,12,2022.12.02.,2023.04.16.,761.0,48.0,5,0,9.3,26.8,10.8,6,0,1,0
Königsberg,https://sielok.hu/siterep/konigsberg/,Alsó-Ausztria,715,1078,14.0,363,6,2022.12.17.,2023.03.19.,429.0,29.0,6,0,7.0,5.0,2.0,0,0,0,0
Kössen - Hochkössen,https://sielok.hu/siterep/kossen/,Tirol,613,1688,22.7,1075,11,2022.12.10.,2023.04.10.,618.0,45.0,7,0,10.5,9.2,3.0,3,0,1,0
Kötschach - Mauthen,https://sielok.hu/siterep/kotschach/,Karintia,710,1300,6.0,590,4,2022.12.24.,2023.03.12.,583.0,33.0,3,0,4.0,2.0,0.0,1,0,0,0
Lachtal,https://sielok.hu/siterep/lachtal/,Stájerország,1600,2222,26.2,622,10,2022.12.08.,2023.04.10.,442.0,52.0,8,0,7.2,16.0,3.0,2,0,0,0
Lackenhof am Ötscher,https://sielok.hu/siterep/lackenhof/,Alsó-Ausztria,812,1426,15.5,614,8,2022.12.17.,2023.03.19.,405.0,43.5,5,0,5.3,6.6,3.6,3,0,0,0
Lammeralm,https://sielok.hu/siterep/lammeralm/,Stájerország,980,1230,8.8,250,3,,,323.0,,2,0,2.9,3.7,2.2,1,0,0,0
Laterns - Gapfohl,https://sielok.hu/siterep/laterns/,Vorarlberg,1040,1785,27.0,745,5,2022.12.16.,2023.03.26.,886.0,43.0,3,0,8.0,15.0,4.0,2,0,0,0
Lermoos - Grubigstein,https://sielok.hu/siterep/lermoos-grubigstein/,Tirol,1004,2100,26.5,1096,8,2022.12.16.,2023.04.10.,748.0,56.0,1,0,14.4,10.2,1.9,4,0,3,0
Leutasch,https://sielok.hu/siterep/leutasch/,Tirol,1140,1363,5.0,223,3,,,754.0,35.0,2,0,3.0,1.5,0.5,1,0,0,0
Lienz - Hochstein,https://sielok.hu/siterep/lienz-hochstein/,Tirol,668,2023,12.0,1355,4,2022.12.23.,2023.03.12.,656.0,55.0,2,1,0.5,7.3,4.2,1,0,0,0
Lienz - Zettersfeld,https://sielok.hu/siterep/lienz-zettersfeld/,Tirol,1660,2278,21.0,618,6,2022.12.17.,2023.04.10.,655.0,55.0,2,0,7.9,11.5,1.6,3,0,1,0
Lilienfeld - Muckenkogel,https://sielok.hu/siterep/lilienfeld/,Alsó-Ausztria,473,1134,3.0,661,1,,,315.0,,0,0,2.0,1.0,0.0,1,0,0,0
Lofer,https://sielok.hu/siterep/lofer/,Salzburg,640,1670,46.0,1030,10,2022.12.10.,2023.04.10.,587.0,49.5,5,0,32.0,12.0,2.0,3,0,2,0
Lunz am See - Maiszinken,https://sielok.hu/siterep/lunz/,Alsó-Ausztria,790,1030,4.5,240,2,,,402.0,21.0,2,0,2.0,2.0,0.5,0,0,0,0
Mallnitz - Ankogel,https://sielok.hu/siterep/ankogel/,Karintia,1266,2636,12.8,1370,5,2022.12.17.,2023.03.26.,628.0,59.0,3,0,2.8,5.0,5.0,0,2,0,0
Maria Neustift - Glasenberg,https://sielok.hu/siterep/maria-neustift-glasenberg/,Felső-Ausztria,780,971,4.0,191,1,,,412.0,15.0,1,0,3.0,1.0,0.0,0,0,0,0
Mariazell - Bürgeralpe,https://sielok.hu/siterep/mariazell/,Stájerország,851,1267,11.5,416,4,2022.12.17.,2023.03.19.,366.0,44.0,1,0,7.0,3.0,1.5,2,0,1,0
Maurach - Rofan,https://sielok.hu/siterep/maurach-rofan/,Tirol,980,1870,11.0,890,5,2022.12.17.,2023.04.02.,698.0,38.0,2,0,1.0,8.0,2.0,2,1,0,0
Mayrhofen - Zillertal,https://sielok.hu/siterep/mayrhofen-penken-ahorn-rastkogel-eggalm/,Tirol,630,2500,142.0,1870,44,2022.12.03.,2023.04.16.,719.0,65.0,17,1,44.0,66.0,32.0,17,2,7,0
Mieders - Serles,https://sielok.hu/siterep/mieders-serles/,Tirol,960,1674,5.7,714,5,2022.12.21.,2023.03.19.,736.0,39.0,4,0,2.2,3.5,0.0,0,0,1,0
Miesenbach - Wildwiese,https://sielok.hu/siterep/miesenbach/,Stájerország,1100,1256,2.0,156,2,,,307.0,,0,0,1.0,1.0,0.0,0,0,0,0
Modriach,https://sielok.hu/siterep/modriach/,Stájerország,1000,1230,6.0,230,4,,,429.0,20.0,4,0,5.0,1.0,0.0,0,0,0,0
Muttereralm,https://sielok.hu/siterep/muttereralm/,Tirol,897,1804,16.0,907,6,2022.12.16.,2023.03.19.,730.0,44.0,3,0,7.0,8.0,1.0,1,0,2,0
Mölltal gleccser,https://sielok.hu/siterep/molltal/,Karintia,2108,3122,36.0,1014,9,2022.11.10.,2023.05.29.,630.0,59.0,2,0,10.5,16.5,9.0,5,0,1,1
Mönichkirchen - Mariensee,https://sielok.hu/siterep/monichkirchen/,Alsó-Ausztria,865,1432,13.5,567,5,2022.12.17.,2023.03.19.,291.0,A síbérlet ára naponta változikKedvezményes síbérlet,2,0,5.5,6.0,2.0,3,0,0,0
Mönichwald,https://sielok.hu/siterep/monichwald/,Stájerország,1000,1300,5.5,300,4,,,300.0,28.0,4,0,1.5,4.0,0.0,0,0,0,0
Nassfeld - Hermagor,https://sielok.hu/siterep/nassfeld/,Karintia,600,2002,110.0,1402,30,2022.12.07.,2023.04.10.,601.0,56.5,16,0,30.0,69.0,11.0,9,0,5,0
Nesselwängle,https://sielok.hu/siterep/nesselwangle/,Tirol,1150,1671,13.0,521,6,,,774.0,43.0,5,0,5.0,7.0,1.0,1,0,0,0
Neustift - Elfer,https://sielok.hu/siterep/neustift/,Tirol,981,2080,2.5,1099,3,2022.12.23.,2023.03.19.,745.0,38.0,2,0,0.0,2.5,0.0,0,0,1,0
Niederalpl - Mürzsteg,https://sielok.hu/siterep/niederalpl/,Stájerország,1220,1460,12.0,240,6,2022.12.16.,2023.03.12.,344.0,38.0,5,0,4.0,8.0,0.0,1,0,0,0
Nordkette - Innsbruck,https://sielok.hu/siterep/nordpark/,Tirol,860,2256,13.9,1396,6,2022.12.25.,2023.04.23.,726.0,34.0,1,0,0.5,13.0,0.4,2,2,0,1
Obdach - Rieseralm,https://sielok.hu/siterep/obdach-rieseralm/,Stájerország,1310,1520,12.0,210,5,,,432.0,30.0,5,0,4.0,6.0,2.0,0,0,0,0
Obergurgl - Hochgurgl,https://sielok.hu/siterep/obergurgl/,Tirol,1793,3030,112.2,1237,26,2022.11.17.,2023.04.23.,820.0,64.0,8,0,60.2,33.2,18.8,7,0,11,0
Obertauern,https://sielok.hu/siterep/obertauern/,Salzburg,1630,2313,100.0,683,26,2022.11.25.,2023.05.01.,521.0,53.0,6,2,61.0,35.0,4.0,17,0,1,0
Oberzeiring - Familienskilift Pölstal,https://sielok.hu/siterep/oberzeiring/,Stájerország,932,980,0.4,48,1,,,429.0,,1,0,0.4,0.0,0.0,0,0,0,0
Obsteig - Grünberg,https://sielok.hu/siterep/obsteig-gruenberg/,Tirol,1030,1102,1.3,72,5,2022.12.23.,2023.03.12.,771.0,20.0,5,0,1.0,0.3,0.0,0,0,0,0
Partenen - Silvretta Bielerhöhe,https://sielok.hu/siterep/partenen-silvretta-bielerhoehe/,Vorarlberg,1910,2030,2.0,120,2,2022.12.25.,2023.05.01.,884.0,,1,0,2.0,0.0,0.0,0,1,0,0
Patscherkofel,https://sielok.hu/siterep/patscherkofel/,Tirol,1009,1965,19.0,956,6,2022.12.17.,2023.04.02.,731.0,42.6,5,0,5.0,10.0,4.0,0,0,1,0
Pertisau - Karwendel,https://sielok.hu/siterep/pertisau-karwendel/,Tirol,960,1560,12.0,600,5,2022.12.17.,2023.03.31.,702.0,32.5,4,0,6.0,6.0,0.0,0,0,1,0
Petzen,https://sielok.hu/siterep/petzen/,Karintia,650,1900,13.7,1250,6,2022.12.17.,2023.03.19.,495.0,40.5,4,0,7.2,5.9,0.6,1,0,1,0
Piesendorf - Erlebnisberg Nagelköpfel,https://sielok.hu/siterep/piesendorf-erlebnisberg/,Salzburg,785,900,2.0,115,3,2022.12.24.,2023.03.05.,591.0,20.5,3,0,0.5,1.5,0.0,0,0,0,0
Pitztal gleccser,https://sielok.hu/siterep/pitztaler-gletscher/,Tirol,2685,3440,21.0,755,7,2022.10.01.,2023.05.07.,818.0,58.0,3,0,4.0,16.0,1.0,1,0,2,1
Planneralm,https://sielok.hu/siterep/planneralm/,Stájerország,1600,2000,15.0,400,6,2022.12.03.,2023.04.10.,479.0,48.0,4,0,2.0,11.0,2.0,2,0,0,0
Postalm,https://sielok.hu/siterep/postalm/,Salzburg,1150,1450,8.0,300,5,2022.12.16.,2023.03.19.,541.0,42.0,4,0,5.0,2.0,1.0,1,0,0,0
Präbichl,https://sielok.hu/siterep/prabichl/,Stájerország,1100,1608,20.0,508,6,2022.12.15.,2023.03.26.,388.0,45.5,3,0,6.0,11.0,3.0,3,0,0,0
Prägraten am Großvenediger,https://sielok.hu/siterep/praegraten-am-grossvenediger/,Tirol,1312,1440,2.0,128,2,2022.12.17.,2023.03.05.,696.0,28.0,2,0,1.0,0.5,0.5,0,0,0,0
Puchberg am Schneeberg - Wunderwiese,https://sielok.hu/siterep/puchberg/,Alsó-Ausztria,780,1210,7.8,430,3,2022.12.17.,2023.03.05.,294.0,31.0,2,0,3.8,4.0,0.0,1,0,0,0
Puchenstuben,https://sielok.hu/siterep/puchenstuben/,Alsó-Ausztria,870,1150,3.5,280,3,2022.12.17.,2023.03.12.,365.0,21.5,3,0,2.0,1.5,0.0,0,0,0,0
Radstadt - Altenmarkt,https://sielok.hu/siterep/radstadt/,Salzburg,850,1571,17.3,721,7,2022.12.22.,2023.03.26.,515.0,68.0,2,0,9.2,7.5,0.6,2,0,3,0
Raggal - Marul,https://sielok.hu/siterep/raggal-marul/,Vorarlberg,980,1300,5.0,320,3,,,873.0,23.0,3,0,3.0,2.0,0.0,0,0,0,0
Ramsau - Rittisberg,https://sielok.hu/siterep/ramsau/,Stájerország,1035,1636,12.9,601,8,2022.12.16.,2023.04.10.,501.0,45.5,7,1,5.6,6.3,1.0,0,0,0,0
Rangger Köpfl,https://sielok.hu/siterep/rangger-kopfl/,Tirol,820,2000,13.0,1180,6,2022.12.08.,2023.03.19.,741.0,36.0,4,0,7.0,4.0,2.0,0,0,2,0
Rauris - Hochalmbahnen,https://sielok.hu/siterep/rauris/,Salzburg,950,2175,32.5,1225,10,2022.12.16.,2023.04.10.,576.0,50.0,6,0,15.0,12.5,5.0,1,0,3,0
Rax - Raxalpe,https://sielok.hu/siterep/rax/,Alsó-Ausztria,528,1545,3.0,1017,2,,,302.0,,1,0,1.0,2.0,0.0,0,1,0,0
Riefensberg - Hochlitten,https://sielok.hu/siterep/riefensberg-hochlitten/,Vorarlberg,1000,1200,3.0,200,4,2022.12.17.,2023.03.19.,841.0,30.0,4,0,1.0,2.0,0.0,0,0,0,0
Riesneralm,https://sielok.hu/siterep/riesneralm/,Stájerország,973,1820,32.2,847,7,2022.12.02.,2023.04.10.,479.0,48.0,4,0,20.2,9.0,3.0,3,0,0,0
Rifflsee,https://sielok.hu/siterep/rifflsee/,Tirol,1640,2800,19.0,1160,6,2022.12.17.,2023.04.10.,816.0,40.0,2,0,4.0,10.0,5.0,3,0,1,0
Rohr im Gebirge - Furtnerlifte,https://sielok.hu/siterep/rohr-im-gebirge-furtnerlifte/,Alsó-Ausztria,800,927,3.9,127,3,,,316.0,24.0,3,0,1.5,1.5,0.9,0,0,0,0
Saalbach Hinterglemm Leogang Fieberbrunn,https://sielok.hu/siterep/saalbach/,Salzburg,830,2096,270.0,1266,70,2022.12.02.,2023.04.16.,635.0,66.0,20,0,140.0,112.0,18.0,21,0,29,0
Salzstiegl,https://sielok.hu/siterep/salzstiegl/,Stájerország,1320,1710,12.0,390,7,2022.12.17.,2023.03.19.,445.0,40.0,7,0,6.0,4.0,2.0,0,0,0,0
Sandl - Viehberg,https://sielok.hu/siterep/sandl-viehberg/,Felső-Ausztria,950,1112,3.0,162,2,,,414.0,21.0,2,0,3.0,0.0,0.0,0,0,0,0
Schattwald - Zöblen im Tannheimertal,https://sielok.hu/siterep/schattwald/,Tirol,1090,1565,10.3,475,4,2022.12.24.,2023.04.02.,823.0,45.0,2,0,4.5,3.7,2.1,2,0,0,0
Schetteregg,https://sielok.hu/siterep/schetteregg/,Vorarlberg,1070,1325,11.0,255,8,2022.12.25.,2023.03.19.,878.0,40.0,7,0,4.0,6.0,1.0,1,0,0,0
Schladming 4 hegy,https://sielok.hu/siterep/schladming/,Stájerország,728,2015,123.0,1287,47,2022.11.25.,2023.04.16.,494.0,68.0,15,1,46.4,68.3,8.3,20,1,9,1
Schlick 2000 - Fulpmes,https://sielok.hu/siterep/schlick/,Tirol,1009,2240,22.0,1231,9,2022.12.02.,2023.04.16.,740.0,46.0,4,0,12.0,6.8,3.2,3,0,2,0
Schmoll Lifte am Semmering,https://sielok.hu/siterep/schmoll/,Stájerország,840,1020,2.0,180,2,,,305.0,,2,0,1.2,0.5,0.3,0,0,0,0
Schneeberg - Hagerlifte,https://sielok.hu/siterep/schneeberg-hagerlifte/,Tirol,800,1000,3.0,200,3,2022.12.17.,2023.03.11.,660.0,25.0,3,0,0.8,2.1,0.1,0,0,0,0
Schwarzenberg - Bödele,https://sielok.hu/siterep/schwarzenberg-boedele/,Vorarlberg,700,1467,25.0,767,12,,,866.0,40.0,11,0,9.0,12.0,4.0,1,0,0,0
Schwaz - Kellerjoch,https://sielok.hu/siterep/kellerjoch-schwaz/,Tirol,1352,1887,14.0,535,3,2022.12.17.,2023.03.26.,710.0,38.0,2,0,9.5,2.4,2.1,1,0,0,0
Schöckel - Schöckl,https://sielok.hu/siterep/schockel/,Stájerország,780,1445,2.0,665,4,,,340.0,,3,0,1.5,0.5,0.0,0,0,1,0
Schöder,https://sielok.hu/siterep/schoder/,Stájerország,892,955,0.4,63,1,,,,,1,0,0.4,0.0,0.0,0,0,0,0
See,https://sielok.hu/siterep/see/,Tirol,1040,2570,42.5,1530,11,2022.12.16.,2023.04.15.,810.0,50.0,6,0,9.5,25.0,8.0,2,0,3,0
Seewiesen - Seeberg,https://sielok.hu/siterep/seewiesen/,Stájerország,1100,1410,6.0,310,3,,,359.0,,3,0,3.0,2.0,1.0,0,0,0,0
Semmering - Hirschenkogel,https://sielok.hu/siterep/semmering/,Alsó-Ausztria,985,1350,14.0,365,2,2022.12.17.,2023.03.26.,300.0,39.5,0,0,6.5,6.5,1.0,1,0,1,0
Semmering - Stuhleck,https://sielok.hu/siterep/stuhleck/,Stájerország,777,1774,26.0,997,11,2022.12.08.,2023.04.02.,305.0,55.0,7,0,20.0,6.0,0.0,4,0,0,0
Serfaus - Fiss - Ladis,https://sielok.hu/siterep/serfaus/,Tirol,1200,2828,186.0,1628,39,2022.12.08.,2023.04.16.,816.0,61.0,11,0,47.0,112.0,27.0,16,0,11,1
Silbertal - Kristberg,https://sielok.hu/siterep/silbertal-kristberg/,Vorarlberg,889,1589,7.1,700,4,2022.12.15.,2023.04.10.,872.0,,3,0,1.8,1.2,4.1,0,1,0,0
Sillian - Hochpustertal,https://sielok.hu/siterep/sillian/,Tirol,1100,2407,21.7,1307,7,2022.12.08.,2023.04.10.,684.0,55.0,2,0,5.6,15.0,1.1,3,0,2,0
Silvretta Montafon,https://sielok.hu/siterep/silvretta/,Vorarlberg,700,2430,117.0,1730,36,2022.11.25.,2023.04.16.,874.0,57.0,8,0,62.0,45.0,10.0,18,2,8,0
Simonhöhe - Sankt Urban,https://sielok.hu/siterep/simonhohe/,Karintia,1042,1340,12.0,298,7,2022.12.16.,2023.03.05.,537.0,35.0,7,0,7.0,5.0,0.0,0,0,0,0
Ski Arena Seefeld - Mösern - Gschwandtkopf,https://sielok.hu/siterep/seefeld-reith-gschwandtkopf/,Tirol,1200,1500,6.1,300,11,2022.12.16.,2023.04.08.,748.0,49.0,10,0,6.1,0.0,0.0,1,0,0,0
Ski Arena Seefeld - Rosshütte & Härmelekopf,https://sielok.hu/siterep/seefeld-rosshuette/,Tirol,1230,2064,19.1,834,13,2022.12.16.,2023.04.02.,747.0,53.0,7,0,11.2,6.0,1.9,3,2,0,1
Ski Arlberg - St. Anton - Lech - Zürs - Warth,https://sielok.hu/siterep/ski-arlberg/,Tirol,1300,2806,302.0,1506,89,2022.12.02.,2023.04.28.,832.0,67.0,29,1,130.0,122.0,50.0,43,5,11,0
"Ski Juwel - Alpbachtal, Wildschönau",https://sielok.hu/siterep/skijuwel/,Tirol,830,2025,96.7,1195,46,2022.12.08.,2023.04.16.,693.0,55.5,31,0,31.1,52.9,12.7,7,0,8,0
SkiWelt Wilder Kaiser - Brixental,https://sielok.hu/siterep/skiwelt/,Tirol,620,1869,244.0,1249,83,2022.12.02.,2023.04.10.,626.0,60.0,33,1,114.0,120.0,10.0,33,0,16,0
Sommeralm - Pirstingerkogellift,https://sielok.hu/siterep/sommeralm/,Stájerország,1320,1424,2.0,104,1,2022.12.16.,2023.03.19.,327.0,21.0,1,0,0.5,1.0,0.5,0,0,0,0
Sonnenkopf - Klostertal,https://sielok.hu/siterep/sonnenkopf/,Vorarlberg,1000,2300,29.5,1300,9,2022.12.23.,2023.04.16.,839.0,49.0,4,0,12.8,15.9,0.8,4,0,1,0
Sportgastein,https://sielok.hu/siterep/sportgastein/,Salzburg,1585,2650,18.2,1065,3,2022.12.08.,2023.04.16.,592.0,68.5,1,0,3.5,13.2,1.5,0,0,2,0
St. Corona / Simas-Lifte,https://sielok.hu/siterep/simas/,Alsó-Ausztria,941,1207,1.8,266,1,,,299.0,,1,0,0.0,1.8,0.0,0,0,0,0
St. Corona am Wechsel - Wexl Arena,https://sielok.hu/siterep/stcorona/,Alsó-Ausztria,840,1039,2.0,199,2,2022.12.17.,2023.03.12.,298.0,26.5,2,0,2.0,0.0,0.0,0,0,0,0
St. Georgen am Walde - Schorschi-Lifte,https://sielok.hu/siterep/st-georgen-am-walde-schorschi-lifte/,Felső-Ausztria,750,787,1.0,37,2,,,394.0,17.0,2,0,1.0,0.0,0.0,0,0,0,0
St. Jakob im Defereggental,https://sielok.hu/siterep/stjakob-defereggental/,Tirol,1400,2683,17.0,1283,7,2022.12.08.,2023.04.16.,695.0,55.0,3,0,4.7,11.1,1.2,3,0,1,0
St. Jakob im Walde,https://sielok.hu/siterep/stjakob/,Stájerország,1000,1200,4.0,200,4,2022.12.14.,2023.03.05.,306.0,28.0,4,0,1.0,3.0,0.0,0,0,0,0
St. Johann in Tirol,https://sielok.hu/siterep/st-johann-tirol/,Tirol,659,1604,40.0,945,10,2022.12.15.,2023.04.10.,613.0,53.0,3,0,16.0,21.0,3.0,3,0,4,0
St. Kathrein am Offenegg,https://sielok.hu/siterep/stkathrein-offenegg/,Stájerország,972,1100,1.0,128,1,,,352.0,,1,0,1.0,0.0,0.0,0,0,0,0
St. Martin am Tennengebirge,https://sielok.hu/siterep/stmartin-tennengebirge/,Salzburg,1000,1200,5.0,200,4,,,530.0,23.0,4,0,3.0,2.0,0.0,0,0,0,0
Stans,https://sielok.hu/siterep/stans/,Tirol,560,690,0.5,130,2,2022.12.24.,2023.03.05.,700.0,25.0,2,0,0.5,0.0,0.0,0,0,0,0
Stanzach,https://sielok.hu/siterep/stanzach/,Tirol,940,1049,0.5,109,3,,,776.0,27.5,3,0,0.5,0.0,0.0,0,0,0,0
Steinberg - Rofan,https://sielok.hu/siterep/steinberg-rofan/,Tirol,1050,1250,1.0,200,3,2022.12.31.,2023.03.12.,723.0,28.0,3,0,0.3,0.7,0.0,0,0,0,0
Sternstein,https://sielok.hu/siterep/sternstein/,Felső-Ausztria,814,1102,5.0,288,3,2022.12.14.,2023.03.26.,466.0,36.0,2,1,1.0,4.0,0.0,0,0,0,0
Stoderzinken,https://sielok.hu/siterep/stoderzinken/,Stájerország,1700,1975,8.0,275,4,,,487.0,,4,0,4.0,3.0,1.0,0,0,0,0
Strallegg,https://sielok.hu/siterep/strallegg/,Stájerország,800,1003,3.0,203,2,,,340.0,,2,0,2.0,1.0,0.0,0,0,0,0
Stubai gleccser,https://sielok.hu/siterep/stubai/,Tirol,1697,3212,64.9,1515,26,2022.09.30.,2023.05.21.,762.0,57.8,14,0,22.0,15.0,27.9,7,0,5,0
Sölden - Ötztal,https://sielok.hu/siterep/solden/,Tirol,1350,3340,143.4,1990,31,2022.09.23.,2023.05.07.,809.0,69.5,9,0,69.5,46.6,27.3,13,0,8,1
Tannheim - Neunerköpfle,https://sielok.hu/siterep/tannheim/,Tirol,1110,1820,8.5,710,5,2022.12.21.,2023.04.02.,780.0,45.0,3,0,2.5,5.0,1.0,1,0,1,0
Tauplitz,https://sielok.hu/siterep/tauplitz/,Stájerország,896,1965,43.5,1069,17,2022.12.02.,2023.04.10.,468.0,48.0,12,0,18.5,19.0,6.0,4,0,1,0
Teichalm,https://sielok.hu/siterep/teichalm/,Stájerország,1200,1450,4.0,250,5,2022.12.16.,2023.03.19.,367.0,28.0,5,0,1.0,2.0,1.0,0,0,0,0
Tirolina - Haltjochlift,https://sielok.hu/siterep/hinterthierseetirolina-haltjochlift/,Tirol,852,1077,4.0,225,2,2022.12.23.,2023.03.19.,663.0,25.0,2,0,2.0,1.2,0.8,0,0,0,0
Tonnerhütte - Zirbitzkogel,https://sielok.hu/siterep/tonnerhutte/,Stájerország,1640,1820,4.0,180,2,,,461.0,,2,0,3.0,1.0,0.0,0,0,0,0
Turnau - Schwabenbergarena,https://sielok.hu/siterep/turnau/,Stájerország,800,1250,10.0,450,4,2022.12.17.,2023.03.19.,351.0,37.0,4,0,1.0,6.0,3.0,0,0,0,0
Turracher Höhe,https://sielok.hu/siterep/turrach/,Karintia,1400,2205,43.0,805,15,2022.12.03.,2023.04.23.,498.0,54.5,9,1,14.5,25.0,3.5,5,0,0,0
Unken - Heutal,https://sielok.hu/siterep/unken-heutal/,Salzburg,970,1531,11.0,561,4,2022.12.25.,2023.03.19.,588.0,33.0,4,0,6.0,5.0,0.0,0,0,0,0
Unterberg,https://sielok.hu/siterep/unterberg/,Alsó-Ausztria,710,1342,16.0,632,4,2022.12.30.,2023.03.05.,313.0,35.0,4,0,11.0,5.0,0.0,0,0,0,0
Unterbergen - Bodental,https://sielok.hu/siterep/unterbergen-bodental/,Karintia,1030,1200,2.0,170,4,2022.12.17.,2023.03.12.,528.0,24.5,4,0,1.0,1.0,0.0,0,0,0,0
Venet - Landeck - Zams - Fliess,https://sielok.hu/siterep/venet/,Tirol,780,2212,22.0,1432,7,2022.12.23.,2023.03.26.,796.0,49.5,3,0,6.0,15.0,1.0,3,1,0,0
Vent,https://sielok.hu/siterep/vent/,Tirol,1900,2646,15.0,746,4,2022.12.18.,2023.04.15.,827.0,41.5,2,0,5.0,10.0,0.0,2,0,0,0
Wald am Schoberpass,https://sielok.hu/siterep/schoberpass/,Stájerország,850,1200,12.0,350,4,,,407.0,27.0,4,0,4.0,5.0,3.0,0,0,0,0
Waldzell - Kohleck,https://sielok.hu/siterep/waldzell/,Felső-Ausztria,660,750,0.8,90,1,,,504.0,,1,0,0.5,0.3,0.0,0,0,0,0
Weinebene,https://sielok.hu/siterep/weinebene/,Karintia,1580,1886,22.0,306,8,2022.12.07.,2023.03.26.,417.0,34.0,8,0,8.0,12.0,2.0,0,0,0,0
Weissensee,https://sielok.hu/siterep/weissensee/,Karintia,930,1324,6.0,394,5,2022.12.16.,2023.03.05.,576.0,41.5,4,0,3.5,2.5,0.0,1,0,0,0
Weisssee - Uttendorf,https://sielok.hu/siterep/weisssee/,Salzburg,1482,2600,23.0,1118,8,2022.12.23.,2023.04.23.,617.0,44.0,4,0,6.0,15.0,2.0,2,0,2,0
Wenigzell,https://sielok.hu/siterep/wenigzell/,Stájerország,980,1150,2.0,170,3,,,307.0,28.0,3,0,2.0,0.0,0.0,0,0,0,0
Werfenweng,https://sielok.hu/siterep/werfenweng/,Salzburg,902,1834,29.0,932,9,2022.12.17.,2023.04.10.,602.0,48.0,5,0,13.0,15.0,1.0,2,0,2,0
Weyregg am Attersee - Wachtberglifte,https://sielok.hu/siterep/weyregg-am-attersee-wachtberglifte/,Felső-Ausztria,482,823,4.0,341,3,,,496.0,18.0,3,0,2.0,2.0,0.0,0,0,0,0
Wildkogel Arena - Neukirchen Bramberg,https://sielok.hu/siterep/wildkogel/,Salzburg,820,2150,75.0,1330,20,2022.12.08.,2023.04.16.,668.0,57.5,11,0,35.0,30.0,10.0,4,0,5,0
Winklmoosalm - Steinplatte,https://sielok.hu/siterep/steinplatte/,Tirol,740,1860,42.0,1120,14,2022.12.16.,2023.04.10.,597.0,53.0,3,0,18.0,22.0,2.0,9,0,2,0
Wurzeralm - Spital am Pyhrn,https://sielok.hu/siterep/wurzeralm/,Felső-Ausztria,810,1870,22.5,1060,8,2022.12.08.,2023.03.26.,455.0,52.0,5,0,10.5,10.0,2.0,2,0,0,1
Übersaxen - Gröllerkopf,https://sielok.hu/siterep/uebersaxen-groellerkopf/,Vorarlberg,1000,1200,3.0,200,2,,,883.0,24.0,2,0,1.5,1.5,0.0,0,0,0,0
Zahmer Kaiser - Durchholzen,https://sielok.hu/siterep/zahmerkaiser/,Tirol,600,1200,13.0,600,3,,,626.0,28.0,2,0,11.0,2.0,0.0,1,0,0,0
Zauchensee,https://sielok.hu/siterep/zauchensee/,Salzburg,1000,2176,45.0,1176,16,2022.12.03.,2023.04.16.,528.0,68.0,6,0,23.5,17.2,4.3,6,0,3,1
Zell am See - Schmittenhöhe,https://sielok.hu/siterep/zellamsee/,Salzburg,760,2000,77.0,1240,28,2022.12.08.,2023.04.10.,625.0,66.0,9,0,30.0,28.0,19.0,10,2,7,0
Zillertal Arena,https://sielok.hu/siterep/gerlos/,Tirol,580,2500,150.0,1920,52,2022.12.08.,2023.04.16.,710.0,65.0,18,0,50.0,88.0,12.0,20,1,13,0
Zlaim,https://sielok.hu/siterep/zlaim/,Stájerország,760,900,1.0,140,2,,,,,2,0,1.0,0.0,0.0,0,0,0,0
Ötz - Hochötz,https://sielok.hu/siterep/hochotz/,Tirol,1410,2272,37.5,862,13,2022.12.08.,2023.04.15.,779.0,48.0,5,0,12.0,21.5,4.0,6,0,2,0
