licensePlate,model,vehicleRouteType,lat,lon,shortName,From,To
V1440,Ganz csuklós,TRAM,47.494152,19.060158,47,Városház tér,Deák Ferenc tér M
LOV871,VanHool AG318 csuklós autóbusz,BUS,47.428223,19.156433,,,
LOV872,VanHool AG318 csuklós autóbusz,BUS,47.479595,19.067266,54,"Péterimajor, Víztorony tér",Boráros tér H
LOV873,VanHool AG318 csuklós autóbusz,BUS,47.42876,19.155798,,,
LOV868,VanHool AG318 csuklós autóbusz,BUS,47.522152,19.08209,30,Keleti pályaudvar M,"Káp.megyer, Mogyoródi-p."
BPO220,Ikarus 412-es típusú autóbusz,BUS,47.427944,19.158653,,,
LOV869,VanHool AG318 csuklós autóbusz,BUS,47.425182,19.156511,,,
V2208,CAF 5 modulos szerelvény,TRAM,47.456215,19.115269,3,Mexikói út M,Gubacsi út / Határ út
V2205,CAF 5 modulos szerelvény,TRAM,47.46533,19.122547,3,Mexikói út M,Gubacsi út / Határ út
LOV874,VanHool AG318 csuklós autóbusz,BUS,47.538597,19.04988,34,"B.megyer, Újmegyeri tér",Göncz Árpád városkp. M
LOV875,VanHool AG318 csuklós autóbusz,BUS,47.424656,19.151026,,,
V1443,Ganz csuklós,TRAM,47.497475,19.055231,49,Kelenföld vasútállomás M,Deák Ferenc tér M
947,MXA,SUBURBAN_RAILWAY,47.44726,19.091322,H6,Ráckeve,Közvágóhíd
V1450,Ganz csuklós,TRAM,47.43257,19.037289,47,Városház tér,Deák Ferenc tér M
V2214,CAF 5 modulos szerelvény,TRAM,47.474533,19.116922,3,Mexikói út M,Gubacsi út / Határ út
MPW624,VanHool A330 CNG típusú szóló autóbusz,BUS,47.426414,19.1582,,,
V4076,Tátra T5C5K,TRAM,47.469925,19.025473,,,
V2213,CAF 5 modulos szerelvény,TRAM,47.519318,19.091156,3,Mexikói út M,Gubacsi út / Határ út
LRV480,Renault ND Master mozgáskorl. száll.,BUS,47.568165,19.027788,,,
MPW623,VanHool A330 CNG típusú szóló autóbusz,BUS,47.426968,19.158436,,,
LOV878,VanHool AG318 csuklós autóbusz,BUS,47.439056,19.072231,948,"Csepel, Hollandi út",Dél-pesti autóbuszgarázs
V2210,CAF 5 modulos szerelvény,TRAM,47.49974,19.137445,3,Mexikói út M,Gubacsi út / Határ út
BPO231,Ikarus 412-es típusú autóbusz,BUS,47.466705,19.154192,98,Rákoscsaba vasútállomás,Kőbánya-Kispest M
V2219,CAF 5 modulos szerelvény,TRAM,47.465336,19.122519,,,
BPO234,Ikarus 412-es típusú autóbusz,BUS,47.426994,19.158636,,,
MPW631,VanHool A330 CNG típusú szóló autóbusz,BUS,47.42801,19.158314,,,
MPW626,VanHool A330 CNG típusú szóló autóbusz,BUS,47.4524,19.143057,68,"Akadémiaújtelep, 525. tér",Vas Gereben utca
LRV481,Renault ND Master mozgáskorl. száll.,BUS,47.56817,19.027746,,,
MPW625,VanHool A330 CNG típusú szóló autóbusz,BUS,47.4284,19.158587,,,
V2218,CAF 5 modulos szerelvény,TRAM,47.46361,19.109467,3,Mexikói út M,Gubacsi út / Határ út
V4313,Tátra T5C5K,TRAM,47.49561,19.109188,1,Kelenföld vasútállomás M,Bécsi út / Vörösvári út
LOV851,VanHool AG318 csuklós autóbusz,BUS,47.42744,19.159632,,,
V4311,Tátra T5C5K,TRAM,47.485077,19.025589,61,Móricz Zs. körtér M,Hűvösvölgy
LOV857,VanHool AG318 csuklós autóbusz,BUS,47.42836,19.156273,,,
LOV853,VanHool AG318 csuklós autóbusz,BUS,47.428818,19.155779,,,
LOV855,VanHool AG318 csuklós autóbusz,BUS,47.4268,19.158813,,,
LOV860,VanHool AG318 csuklós autóbusz,BUS,47.42798,19.159416,,,
LOV861,VanHool AG318 csuklós autóbusz,BUS,47.428295,19.156376,,,
V4326,Tátra T5C5K,TRAM,47.49321,19.017172,59A,Márton Áron tér,Széll Kálmán tér M
V2103,CAF 9 modulos szerelvény,TRAM,47.49163,19.103935,,,
LOV858,VanHool AG318 csuklós autóbusz,BUS,47.4283,19.15632,,,
V1437,Ganz csuklós,TRAM,47.465736,19.021952,49,Kelenföld vasútállomás M,Deák Ferenc tér M
V2110,CAF 9 modulos szerelvény,TRAM,47.46222,19.043238,1,Kelenföld vasútállomás M,Bécsi út / Vörösvári út
V2106,CAF 9 modulos szerelvény,TRAM,47.46292,19.023024,1,Kelenföld vasútállomás M,Bécsi út / Vörösvári út
V4328,Tátra T5C5K,TRAM,47.490982,19.088154,,,
V2105,CAF 9 modulos szerelvény,TRAM,47.54877,19.0294,1,Kelenföld vasútállomás M,Bécsi út / Vörösvári út
V2107,CAF 9 modulos szerelvény,TRAM,47.462463,19.042671,1,Kelenföld vasútállomás M,Bécsi út / Vörösvári út
V4291,Tátra T5C5K,TRAM,47.485134,19.052471,56A,Móricz Zs. körtér M,Hűvösvölgy
MRZ400,"MAN A21 szóló (Volán, helyi, 3 ajtós)",BUS,47.432167,19.043228,,,
V4299,Tátra T5C5K,TRAM,47.50691,19.02417,56A,Móricz Zs. körtér M,Hűvösvölgy
MRZ399,"MAN A21 szóló (Volán, helyi, 3 ajtós)",BUS,47.46329,19.022707,,,
V4026,Tátra T5C5K,TRAM,47.4754,19.04701,,,
MRZ245,"MAN A21 szóló (Volán, helyi, 3 ajtós)",BUS,47.4321,19.044085,,,
MRZ397,"MAN A21 szóló (Volán, helyi, 3 ajtós)",BUS,47.451084,19.050684,,,
PKD002,Ikarus 127V típusú szóló autóbusz,BUS,47.4739,19.027985,15,Gyöngyösi utca M,Boráros tér H
V4033,Tátra T5C5K,TRAM,47.49056,19.014362,59A,Márton Áron tér,Széll Kálmán tér M
PKD003,Ikarus 127V típusú szóló autóbusz,BUS,47.474773,19.027857,15,Gyöngyösi utca M,Boráros tér H
V4271,Tátra T5C5K,TRAM,47.505714,19.039366,41,Kamaraerdei Ifj. Park,Bécsi út / Vörösvári út
V4281,Tátra T5C5K,TRAM,47.49026,19.089905,,,
BPO805,Ikarus 280-as típusú autóbusz,BUS,47.429115,19.15629,,,
V4017,Tátra T5C5K,TRAM,47.512627,19.039524,41,Kamaraerdei Ifj. Park,Bécsi út / Vörösvári út
NCA437,MERCEDES Conecto csuklós,BUS,47.49564,19.065006,8E,"Újpalota, Nyírpalota út",Kelenföld vasútállomás M
NCA438,MERCEDES Conecto csuklós,BUS,47.486122,19.205318,,,
PHG659,"Volvo hibrid szóló (BKV, 2 ajt) autóbusz",BUS,47.504696,19.13689,144,"R.szentmihály, Csömöri út",Örs vezér tere M H
NCA435,MERCEDES Conecto csuklós,BUS,47.497437,19.055677,100E,Liszt Ferenc Airport 2,Deák Ferenc tér M
NCA436,MERCEDES Conecto csuklós,BUS,47.432564,19.261425,100E,Liszt Ferenc Airport 2,Deák Ferenc tér M
V4265,Tátra T5C5K,TRAM,47.551876,19.092867,14,"Káp.megyer, Megyeri út",Lehel tér M
V4261,Tátra T5C5K,TRAM,47.476326,19.099367,1,Kelenföld vasútállomás M,Bécsi út / Vörösvári út
PKN602,MERCEDES Conecto szóló (BKV),BUS,47.50107,19.235312,,,
PKN609,MERCEDES Conecto szóló (BKV),BUS,47.462955,19.149221,98,Rákoscsaba vasútállomás,Kőbánya-Kispest M
PKN610,MERCEDES Conecto szóló (BKV),BUS,47.50122,19.235298,,,
PKN608,MERCEDES Conecto szóló (BKV),BUS,47.507854,19.173077,44,Centenáriumi lakótelep,Örs vezér tere M H
PKN606,MERCEDES Conecto szóló (BKV),BUS,47.483597,19.12743,162A,"Rákoskeresztúr, városkp.",Kőbánya alsó vasútáll.
PKN603,MERCEDES Conecto szóló (BKV),BUS,47.500458,19.235575,,,
PKN604,MERCEDES Conecto szóló (BKV),BUS,47.50043,19.235601,,,
NAY349,MAN Lions City A21 (ArrivaBus),BUS,47.40266,19.08672,,,
PHG643,"Volvo hibrid szóló (BKV, 2 ajt) autóbusz",BUS,47.501358,19.234505,,,
PHG644,"Volvo hibrid szóló (BKV, 2 ajt) autóbusz",BUS,47.512085,19.194925,144,"R.szentmihály, Csömöri út",Örs vezér tere M H
NAY350,MAN Lions City A21 (ArrivaBus),BUS,47.44266,19.082365,,,
PHG641,"Volvo hibrid szóló (BKV, 2 ajt) autóbusz",BUS,47.50159,19.235178,,,
NAY347,MAN Lions City A21 (ArrivaBus),BUS,47.44241,19.081923,,,
PHG639,"Volvo hibrid szóló (BKV, 2 ajt) autóbusz",BUS,47.501404,19.234596,,,
NAY346,MAN Lions City A21 (ArrivaBus),BUS,47.44224,19.081676,,,
NAY343,MAN Lions City A21 (ArrivaBus),BUS,47.44267,19.082361,,,
PHG637,"Volvo hibrid szóló (BKV, 2 ajt) autóbusz",BUS,47.500706,19.236086,,,
PHG638,"Volvo hibrid szóló (BKV, 2 ajt) autóbusz",BUS,47.50019,19.135216,67,"Rákoskeresztúr, Aranylúd u.",Örs vezér tere M H
NAY344,MAN Lions City A21 (ArrivaBus),BUS,47.43042,19.121758,194,Gloriett lakótelep,Határ út M
NAY341,MAN Lions City A21 (ArrivaBus),BUS,47.430347,19.070604,159,Szent László utcai ltp.,"Csepel, Szent Imre tér"
NAY342,MAN Lions City A21 (ArrivaBus),BUS,47.442047,19.08196,,,
PHG654,"Volvo hibrid szóló (BKV, 3 ajt) autóbusz",BUS,47.542137,19.140932,46,Helikopter lakópark,"Újpalota, Nyírpalota út"
V4246,Tátra T5C5K,TRAM,47.5177,19.063066,14,"Káp.megyer, Megyeri út",Lehel tér M
831,MIXA,SUBURBAN_RAILWAY,47.47879,19.06677,H7,Csepel,Boráros tér
NCA429,MERCEDES Conecto csuklós,BUS,47.443493,19.083782,,,
PHG651,"Volvo hibrid szóló (BKV, 3 ajt) autóbusz",BUS,47.501633,19.234705,,,
NAY354,MAN Lions City A21 (ArrivaBus),BUS,47.442596,19.08237,,,
PHG649,"Volvo hibrid szóló (BKV, 3 ajt) autóbusz",BUS,47.50145,19.234297,,,
PHG646,"Volvo hibrid szóló (BKV, 2 ajt) autóbusz",BUS,47.48404,19.23448,68,"Akadémiaújtelep, 525. tér",Vas Gereben utca
NAY352,MAN Lions City A21 (ArrivaBus),BUS,47.441803,19.075865,,,
PHG625,"Volvo hibrid szóló (BKV, 3 ajt) autóbusz",BUS,47.501377,19.235025,,,
PHG623,"Volvo hibrid szóló (BKV, 3 ajt) autóbusz",BUS,47.47906,19.2563,46,Helikopter lakópark,"Újpalota, Nyírpalota út"
PHG624,"Volvo hibrid szóló (BKV, 3 ajt) autóbusz",BUS,47.501175,19.234621,,,
NCA482,MERCEDES Conecto csuklós,BUS,47.442837,19.081884,,,
V2256,CAF 5 modulos szerelvény,TRAM,47.43968,19.035679,17,Savoya Park,Bécsi út / Vörösvári út
PHG622,"Volvo hibrid szóló (BKV, 3 ajt) autóbusz",BUS,47.501205,19.23454,,,
NCA480,MERCEDES Conecto csuklós,BUS,47.43668,19.080322,,,
V2253,CAF 5 modulos szerelvény,TRAM,47.44008,19.035223,,,
V2254,CAF 5 modulos szerelvény,TRAM,47.441128,19.036247,17,Savoya Park,Bécsi út / Vörösvári út
V2251,CAF 5 modulos szerelvény,TRAM,47.491653,19.04561,19,Kelenföld vasútállomás M,Bécsi út / Vörösvári út
NCA478,MERCEDES Conecto csuklós,BUS,47.448708,19.104362,,,
NCA479,MERCEDES Conecto csuklós,BUS,47.442307,19.082184,,,
NCA426,MERCEDES Conecto csuklós,BUS,47.442444,19.08218,,,
V2248,CAF 5 modulos szerelvény,TRAM,47.497334,19.041615,19,Kelenföld vasútállomás M,Bécsi út / Vörösvári út
PHG633,"Volvo hibrid szóló (BKV, 3 ajt) autóbusz",BUS,47.501457,19.234787,46,Helikopter lakópark,"Újpalota, Nyírpalota út"
NAY339,MAN Lions City A21 (ArrivaBus),BUS,47.437828,19.148598,194,Gloriett lakótelep,Határ út M
NAY334,MAN Lions City A21 (ArrivaBus),BUS,47.442142,19.081722,,,
NAY335,MAN Lions City A21 (ArrivaBus),BUS,47.442425,19.081982,,,
NAY332,MAN Lions City A21 (ArrivaBus),BUS,47.457863,19.028667,,,
PHG626,"Volvo hibrid szóló (BKV, 3 ajt) autóbusz",BUS,47.494682,19.239544,,,
NAY333,MAN Lions City A21 (ArrivaBus),BUS,47.45796,19.029333,,,
NCA414,MERCEDES Conecto csuklós,BUS,47.421146,19.134993,36,"Csepel, Csillagtelep",Pestszentlőrinc vasútáll.
V2117,CAF 9 modulos szerelvény,TRAM,47.51865,19.088524,1,Kelenföld vasútállomás M,Bécsi út / Vörösvári út
NCA463,MERCEDES Conecto csuklós,BUS,47.442432,19.08212,,,
V2115,CAF 9 modulos szerelvény,TRAM,47.47595,19.098867,1,Kelenföld vasútállomás M,Bécsi út / Vörösvári út
NCA411,MERCEDES Conecto csuklós,BUS,47.441814,19.080376,,,
V2116,CAF 9 modulos szerelvény,TRAM,47.495667,19.109009,1,Kelenföld vasútállomás M,Bécsi út / Vörösvári út
921,MXA,SUBURBAN_RAILWAY,47.53952,19.24981,H8,Gödöllő,Örs vezér tere
MHU767,MB Citaro C2-S1-G csuklós autóbusz,BUS,47.541523,19.152225,196A,"Újpalota, Szentmihályi út",Újpest-városkapu M
PDN609,MAN Lions City A21 (ArrivaBus),BUS,47.464306,19.0288,,,
MHU766,MB Citaro C2-S1-G csuklós autóbusz,BUS,47.491917,19.05248,8E,"Újpalota, Nyírpalota út",Kelenföld vasútállomás M
V2114,CAF 9 modulos szerelvény,TRAM,47.517643,19.090223,1,Kelenföld vasútállomás M,Bécsi út / Vörösvári út
NCA406,MERCEDES Conecto csuklós,BUS,47.455353,19.114271,148,"Csepel, Soroksári rév",Kőbánya-Kispest M
MHU769,MB Citaro C2-S1-G csuklós autóbusz,BUS,47.54727,19.14183,,,
NCA457,MERCEDES Conecto csuklós,BUS,47.48471,19.05268,133E,"Újpalota, Nyírpalota út","Nagytétény, Erdélyi utca"
NCA473,MERCEDES Conecto csuklós,BUS,47.388615,18.957993,33,"Nagytétény, ipartelep",Móricz Zs. körtér M
NCA424,MERCEDES Conecto csuklós,BUS,47.422146,19.133545,36,"Csepel, Csillagtelep",Pestszentlőrinc vasútáll.
NCA421,MERCEDES Conecto csuklós,BUS,47.441814,19.077606,,,
NCA422,MERCEDES Conecto csuklós,BUS,47.443363,19.083952,,,
V2243,CAF 5 modulos szerelvény,TRAM,47.50674,19.025232,17,Savoya Park,Bécsi út / Vörösvári út
NCA418,MERCEDES Conecto csuklós,BUS,47.443398,19.083445,,,
MHU774,MB Citaro C2-S1-G csuklós autóbusz,BUS,47.53199,19.128294,8E,"Újpalota, Nyírpalota út",Kelenföld vasútállomás M
V2238,CAF 5 modulos szerelvény,TRAM,47.469532,19.025913,19,Kelenföld vasútállomás M,Bécsi út / Vörösvári út
NCA416,MERCEDES Conecto csuklós,BUS,47.43502,19.070784,36,"Csepel, Csillagtelep",Pestszentlőrinc vasútáll.
V2239,CAF 5 modulos szerelvény,TRAM,47.542812,19.03019,19,Kelenföld vasútállomás M,Bécsi út / Vörösvári út
NCA466,MERCEDES Conecto csuklós,BUS,47.47485,19.039322,,,
NAY326,MAN Lions City A21 (ArrivaBus),BUS,47.458195,19.029383,,,
PDN636,MAN Lions City A21 (ArrivaBus),BUS,47.458206,19.028448,,,
NAY327,MAN Lions City A21 (ArrivaBus),BUS,47.45865,19.029192,,,
PDN637,MAN Lions City A21 (ArrivaBus),BUS,47.458244,19.028456,,,
PDN634,MAN Lions City A21 (ArrivaBus),BUS,47.405724,19.01425,,,
T9100,4. gen. SOLARIS Trollino 18 trolibusz,TROLLEYBUS,47.491013,19.11514,,,
T9101,4. gen. SOLARIS Trollino 18 trolibusz,TROLLEYBUS,47.494656,19.05976,72M,Zugló vasútállomás,Orczy tér
NCV294,Karsan ATAK típusú midi autóbusz,BUS,47.473713,19.029028,,,
NAY325,MAN Lions City A21 (ArrivaBus),BUS,47.45819,19.028463,,,
RYH811,Ikarus E91 típusú midi autóbusz,BUS,47.473774,19.028803,,,
T8108,4. gen. SOLARIS Trollino 12 trolibusz,TROLLEYBUS,47.49179,19.116009,,,
NCV291,Karsan ATAK típusú midi autóbusz,BUS,47.507694,19.02462,128,Regőczi István tér,Széll Kálmán tér M
NAY323,MAN Lions City A21 (ArrivaBus),BUS,47.420525,19.135788,35,"Csepel, Csillagtelep",Szentlőrinci úti ltp.
T8109,4. gen. SOLARIS Trollino 12 trolibusz,TROLLEYBUS,47.51339,19.07816,75,Jászai Mari tér,Puskás Ferenc Stadion M
NCV292,Karsan ATAK típusú midi autóbusz,BUS,47.478027,19.045708,27,Citadella - Sánc utca,Móricz Zs. körtér M
NCV289,Karsan ATAK típusú midi autóbusz,BUS,47.489307,19.018734,,,
NAY320,MAN Lions City A21 (ArrivaBus),BUS,47.474457,19.10189,,,
PDN631,MAN Lions City A21 (ArrivaBus),BUS,47.467236,19.01666,150,Budatétény vá. (Campona),Móricz Zs. körtér M
T8107,4. gen. SOLARIS Trollino 12 trolibusz,TROLLEYBUS,47.501324,19.10778,77,Öv utca / Egressy út,Puskás Ferenc Stadion M
NTM429,Modulo M108d szóló autóbusz (rend.tart.),BUS,47.473843,19.027973,,,
MHU751,MB Citaro C2-S1-G csuklós autóbusz,BUS,47.571774,19.134289,,,
PDN638,MAN Lions City A21 (ArrivaBus),BUS,47.43658,19.039728,141,Savoya Park,Kelenföld vasútállomás M
NAY318,MAN Lions City A21 (ArrivaBus),BUS,47.443504,19.082392,,,
T8104,4. gen. SOLARIS Trollino 12 trolibusz,TROLLEYBUS,47.49131,19.116278,,,
NTM426,Modulo M108d szóló autóbusz (rend.tart.),BUS,47.473457,19.033964,,,
NCV288,Karsan ATAK típusú midi autóbusz,BUS,47.49709,19.033968,916,Uránia,Széll Kálmán tér M
PDN629,MAN Lions City A21 (ArrivaBus),BUS,47.476032,19.032799,53,Mindszenty J. bíboros tér,Móricz Zs. körtér M
NTM427,Modulo M108d szóló autóbusz (rend.tart.),BUS,47.522835,19.080814,105,Gyöngyösi utca M,Apor Vilmos tér
T8105,4. gen. SOLARIS Trollino 12 trolibusz,TROLLEYBUS,47.49136,19.116081,,,
NCV285,Karsan ATAK típusú midi autóbusz,BUS,47.499905,19.039972,,,
MHU748,MB Citaro C2-S1-G csuklós autóbusz,BUS,47.571754,19.13543,,,
T8103,4. gen. SOLARIS Trollino 12 trolibusz,TROLLEYBUS,47.51234,19.085258,70,Kossuth Lajos tér M,"Erzsébet k.né útja, alulj."
MHU747,MB Citaro C2-S1-G csuklós autóbusz,BUS,47.546738,19.140118,,,
NCV286,Karsan ATAK típusú midi autóbusz,BUS,47.50772,19.01227,128,Regőczi István tér,Széll Kálmán tér M
NTM425,Modulo M108d szóló autóbusz (rend.tart.),BUS,47.474884,19.028463,,,
NTM422,Modulo M108d szóló autóbusz (rend.tart.),BUS,47.474064,19.026754,,,
NTM423,Modulo M108d szóló autóbusz (rend.tart.),BUS,47.474457,19.027262,,,
PDN645,MAN Lions City A21 (ArrivaBus),BUS,47.42538,19.023184,250,Savoya Park,Kelenföld vasútállomás M
NCA404,MERCEDES Conecto csuklós,BUS,47.420277,19.073189,148,"Csepel, Soroksári rév",Kőbánya-Kispest M
NCA401,MERCEDES Conecto csuklós,BUS,47.438564,19.072002,,,
MHU761,MB Citaro C2-S1-G csuklós autóbusz,BUS,47.495262,19.063366,7,"Újpalota, Nyírpalota út",Albertfalva vasútállomás
PDN644,MAN Lions City A21 (ArrivaBus),BUS,47.409435,18.995846,114,"Baross G.-telep, Ispiláng u.",Móricz Zs. körtér M
NCA456,MERCEDES Conecto csuklós,BUS,47.45205,19.173294,36,"Csepel, Csillagtelep",Pestszentlőrinc vasútáll.
MHU760,MB Citaro C2-S1-G csuklós autóbusz,BUS,47.57203,19.134916,196,"Újpalota, Szentmihályi út","Újpest, Fóti út"
NCA402,MERCEDES Conecto csuklós,BUS,47.442074,19.12041,,,
T9110,4. gen. SOLARIS Trollino 18 trolibusz,TROLLEYBUS,47.51472,19.067837,72M,Zugló vasútállomás,Orczy tér
VTA641,MAN Lions City A21 (ArrivaBus),BUS,47.45257,19.016926,250,Savoya Park,Kelenföld vasútállomás M
MHU762,MB Citaro C2-S1-G csuklós autóbusz,BUS,47.57133,19.136047,34,"B.megyer, Újmegyeri tér",Göncz Árpád városkp. M
PDN642,MAN Lions City A21 (ArrivaBus),BUS,47.458107,19.028418,,,
NCV298,Karsan ATAK típusú midi autóbusz,BUS,47.50756,19.026545,16,Clark Ádám tér,Széll Kálmán tér M
MHU756,MB Citaro C2-S1-G csuklós autóbusz,BUS,47.571934,19.134024,,,
NCV299,Karsan ATAK típusú midi autóbusz,BUS,47.507637,19.024754,,,
983-1149,MXA-MXA,SUBURBAN_RAILWAY,47.55725,19.045582,H5,Szentendre,Batthyány tér
T9103,4. gen. SOLARIS Trollino 18 trolibusz,TROLLEYBUS,47.490826,19.112875,,,
MHU758,MB Citaro C2-S1-G csuklós autóbusz,BUS,47.571045,19.135696,,,
MHU755,MB Citaro C2-S1-G csuklós autóbusz,BUS,47.49993,19.083261,20E,Keleti pályaudvar M,"Káp.megyer, Szilas-patak"
NAY371,MAN Lions City A21 (ArrivaBus),BUS,47.41091,19.0564,138,Budatétény vá. (Campona),"Csepel, Szent Imre tér"
MHU731,MB Citaro C2-S1-G csuklós autóbusz,BUS,47.582767,19.082367,196,"Újpalota, Szentmihályi út","Újpest, Fóti út"
V1617,TW 6000,TRAM,47.490677,19.099632,37A,Sörgyár,Blaha Lujza tér M
NAY370,MAN Lions City A21 (ArrivaBus),BUS,47.443447,19.083288,,,
T0613,GANZ-SOLARIS Trollino 12 trolibusz,TROLLEYBUS,47.499504,19.084011,,,
RCT309,VanHool  NewAG300 csuklós autóbusz,BUS,47.426975,19.15921,,,
RCT310,VanHool  NewAG300 csuklós autóbusz,BUS,47.462456,19.150415,,,
T0612,GANZ-SOLARIS Trollino 12 trolibusz,TROLLEYBUS,47.49219,19.118029,,,
MHU730,MB Citaro C2-S1-G csuklós autóbusz,BUS,47.557446,19.125303,,,
V1613,TW 6000,TRAM,47.465748,19.122374,,,
NAY365,MAN Lions City A21 (ArrivaBus),BUS,47.442127,19.081772,,,
V1614,TW 6000,TRAM,47.49186,19.144773,37A,Sörgyár,Blaha Lujza tér M
RCT315,VanHool  NewAG300 csuklós autóbusz,BUS,47.42803,19.158562,,,
MHU724,MB Citaro C2-S1-G csuklós autóbusz,BUS,47.511223,19.098633,5,"Rákospalota, Kossuth utca",Pasaréti tér
NAY364,MAN Lions City A21 (ArrivaBus),BUS,47.398544,19.089895,152,Hollandi út,Szent Imre tér
T0608,GANZ-SOLARIS Trollino 12 trolibusz,TROLLEYBUS,47.49196,19.116693,,,
MHU725,MB Citaro C2-S1-G csuklós autóbusz,BUS,47.571716,19.1342,8E,"Újpalota, Nyírpalota út",Kelenföld vasútállomás M
V1610,TW 6000,TRAM,47.45462,19.0906,51,Nagysándor József utca,Mester utca/Ferenc körút
T8101,4. gen. SOLARIS Trollino 12 trolibusz,TROLLEYBUS,47.524403,19.063618,75,Jászai Mari tér,Puskás Ferenc Stadion M
NAY315,MAN Lions City A21 (ArrivaBus),BUS,47.430367,19.071108,,,
MHU743,MB Citaro C2-S1-G csuklós autóbusz,BUS,47.5718,19.135263,,,
NAY316,MAN Lions City A21 (ArrivaBus),BUS,47.430477,19.070425,,,
T8102,4. gen. SOLARIS Trollino 12 trolibusz,TROLLEYBUS,47.49135,19.11825,,,
MHU742,MB Citaro C2-S1-G csuklós autóbusz,BUS,47.57182,19.134304,,,
NAY380,MAN Lions City A21 (ArrivaBus),BUS,47.458157,19.028448,,,
T8100,4. gen. SOLARIS Trollino 12 trolibusz,TROLLEYBUS,47.507122,19.054491,70,Kossuth Lajos tér M,"Erzsébet k.né útja, alulj."
NAY378,MAN Lions City A21 (ArrivaBus),BUS,47.457672,19.02724,,,
RCT320,VanHool  NewAG300 csuklós autóbusz,BUS,47.426632,19.157837,,,
BPO140,Ikarus 260-as típusú autóbusz,BUS,47.501038,19.234913,,,
MHU739,MB Citaro C2-S1-G csuklós autóbusz,BUS,47.571205,19.133583,,,
NAY312,MAN Lions City A21 (ArrivaBus),BUS,47.451912,19.17482,182,Alacskai úti lakótelep,Kőbánya-Kispest M
MHU738,MB Citaro C2-S1-G csuklós autóbusz,BUS,47.5721,19.135002,,,
NAY309,MAN Lions City A21 (ArrivaBus),BUS,47.43083,19.070768,159,Szent László utcai ltp.,"Csepel, Szent Imre tér"
MHU741,MB Citaro C2-S1-G csuklós autóbusz,BUS,47.5545,19.118992,5,"Rákospalota, Kossuth utca",Pasaréti tér
NAY377,MAN Lions City A21 (ArrivaBus),BUS,47.475925,19.038824,53,Mindszenty J. bíboros tér,Móricz Zs. körtér M
NAY310,MAN Lions City A21 (ArrivaBus),BUS,47.44229,19.08292,,,
RCT319,VanHool  NewAG300 csuklós autóbusz,BUS,47.426777,19.157682,,,
MHU740,MB Citaro C2-S1-G csuklós autóbusz,BUS,47.561623,19.117542,196,"Újpalota, Szentmihályi út","Újpest, Fóti út"
NTM420,Modulo M108d szóló autóbusz (rend.tart.),BUS,47.47348,19.029118,,,
BPO147,Ikarus 260-as típusú autóbusz,BUS,47.50048,19.23532,,,
871,MX,SUBURBAN_RAILWAY,47.20445,18.946966,H6,Ráckeve,Közvágóhíd
RWA600,MERCEDES Conecto 2 szóló autóbusz,BUS,47.464718,19.12617,194,Gloriett lakótelep,Határ út M
RCT316,VanHool  NewAG300 csuklós autóbusz,BUS,47.457375,19.145004,50,Lajosmizsei sorompó,Határ út M
MHU734,MB Citaro C2-S1-G csuklós autóbusz,BUS,47.57191,19.133976,,,
V1619,TW 6000,TRAM,47.456028,19.137981,42,"Kispest, Tulipán utca",Határ út M
NGC141,MERCEDES Citaro O 530 (BKV spec.),BUS,47.536373,19.059261,,,
NNE062,MERCEDES Conecto csuklós,BUS,47.509293,19.101332,,,
NGC142,MERCEDES Citaro O 530 (BKV spec.),BUS,47.507515,19.02445,155,Fácános tér,Széll Kálmán tér M
NNE063,MERCEDES Conecto csuklós,BUS,47.53775,19.053356,,,
NNE060,MERCEDES Conecto csuklós,BUS,47.427612,19.159365,914,"Káp.megyer, Mogyoródi-p.",Dél-pesti autóbuszgarázs
MHU712,MB Citaro C2-S1-G csuklós autóbusz,BUS,47.571617,19.133617,,,
MHU707,MB Citaro C2-S1-G csuklós autóbusz,BUS,47.558037,19.100191,20E,Keleti pályaudvar M,"Káp.megyer, Szilas-patak"
NGC164,MERCEDES Citaro O 530 (BKV spec.),BUS,47.56791,19.031889,,,
NNE059,MERCEDES Conecto csuklós,BUS,47.56716,19.031408,,,
MHU709,MB Citaro C2-S1-G csuklós autóbusz,BUS,47.47062,19.05305,133E,"Újpalota, Nyírpalota út","Nagytétény, Erdélyi utca"
NNE056,MERCEDES Conecto csuklós,BUS,47.42698,19.1594,23,Boráros tér H,"P.erzsébet, Ady Endre tér"
NGC160,MERCEDES Citaro O 530 (BKV spec.),BUS,47.568085,19.031273,,,
NGC161,MERCEDES Citaro O 530 (BKV spec.),BUS,47.507683,19.024963,91,Széll Kálmán tér M,Nyugati pályaudvar M
PDZ837,MERCEDES O530 Citaro G csuklós autóbusz,BUS,47.523865,19.097374,32,Göncz Árpád városkp. M,Örs vezér tere M H
V2201,CAF 5 modulos szerelvény,TRAM,47.507595,19.13235,3,Mexikói út M,Gubacsi út / Határ út
PXZ878,MAN Lions City GL NG313 csuklós busz,BUS,47.427364,19.158224,,,
NNE054,MERCEDES Conecto csuklós,BUS,47.504837,19.024374,5,"Rákospalota, Kossuth utca",Pasaréti tér
NNE055,MERCEDES Conecto csuklós,BUS,47.567726,19.031525,,,
MHU721,MB Citaro C2-S1-G csuklós autóbusz,BUS,47.559917,19.096945,196,"Újpalota, Szentmihályi út","Újpest, Fóti út"
NAY361,MAN Lions City A21 (ArrivaBus),BUS,47.46275,19.149792,184,"Pestszentimre, Benjámin u.",Kőbánya-Kispest M
LMG024,VOLVO-ALFABUSZ Civis 12 típ.szóló autób.,BUS,47.567837,19.029026,,,
NAY358,MAN Lions City A21 (ArrivaBus),BUS,47.417206,19.18458,184,"Pestszentimre, Benjámin u.",Kőbánya-Kispest M
MHU723,MB Citaro C2-S1-G csuklós autóbusz,BUS,47.504448,19.024826,5,"Rákospalota, Kossuth utca",Pasaréti tér
NNE072,MERCEDES Conecto csuklós,BUS,47.567707,19.031588,,,
NAY356,MAN Lions City A21 (ArrivaBus),BUS,47.461613,19.152456,182,Alacskai úti lakótelep,Kőbánya-Kispest M
NNE069,MERCEDES Conecto csuklós,BUS,47.528618,19.064922,,,
MHU719,MB Citaro C2-S1-G csuklós autóbusz,BUS,47.41459,19.038973,133E,"Újpalota, Nyírpalota út","Nagytétény, Erdélyi utca"
PXZ880,MAN Lions City GL NG313 csuklós busz,BUS,47.427547,19.157364,,,
LPZ954,Ikarus 405-ös alacsonypadlós autóbusz,BUS,47.47361,19.028545,,,
NNE068,MERCEDES Conecto csuklós,BUS,47.59881,19.12152,914,"Káp.megyer, Mogyoródi-p.",Dél-pesti autóbuszgarázs
NNE065,MERCEDES Conecto csuklós,BUS,47.43655,19.094954,23,Boráros tér H,"P.erzsébet, Ady Endre tér"
T0350,MAN NGE152 típusú csuklós trolibusz,TROLLEYBUS,47.49199,19.116877,,,
NNE066,MERCEDES Conecto csuklós,BUS,47.567806,19.031292,,,
MHU714,MB Citaro C2-S1-G csuklós autóbusz,BUS,47.503567,19.088116,133E,"Újpalota, Nyírpalota út","Nagytétény, Erdélyi utca"
NNE064,MERCEDES Conecto csuklós,BUS,47.518967,19.060944,M3,Lehel tér M,Nagyvárad tér M
FLR749,Volvo 7700A típusú csuklós autóbusz,BUS,47.500446,19.135334,,,
SRN169,Solaris Urbino 10 típusú midi autóbusz,BUS,47.49223,19.116444,,,
961,MXA,SUBURBAN_RAILWAY,47.42226,19.066727,H7,Csepel,Boráros tér
MFW536,Volvo szóló autóbusz,BUS,47.49233,19.118176,,,
V2227,CAF 5 modulos szerelvény,TRAM,47.48398,19.02701,17,Savoya Park,Bécsi út / Vörösvári út
MFW509,Volvo szóló autóbusz,BUS,47.491795,19.034786,178,Gyöngyösi utca M,Naphegy tér
FLR746,Volvo 7700A típusú csuklós autóbusz,BUS,47.50417,19.054964,M3,Lehel tér M,Nagyvárad tér M
FLR748,Volvo 7700A típusú csuklós autóbusz,BUS,47.500347,19.135647,161,Rákoscsaba,Örs vezér tere M H
NNE051,MERCEDES Conecto csuklós,BUS,47.567677,19.031612,,,
MPW612,VanHool A330 CNG típusú szóló autóbusz,BUS,47.427845,19.157326,,,
NNE052,MERCEDES Conecto csuklós,BUS,47.567707,19.030561,,,
MHU802,MB Citaro C2-S1 szóló autóbusz,BUS,47.571938,19.134876,,,
NGC157,MERCEDES Citaro O 530 (BKV spec.),BUS,47.56787,19.032017,,,
MHU702,MB Citaro C2-S1-G csuklós autóbusz,BUS,47.57127,19.054628,106,Római úti lakótelep,Göncz Árpád városkp. M
V2234,CAF 5 modulos szerelvény,TRAM,47.439938,19.035194,17,Savoya Park,Bécsi út / Vörösvári út
NGC154,MERCEDES Citaro O 530 (BKV spec.),BUS,47.568047,19.031446,,,
BPI931,Ikarus 435-ös típusú autóbusz,BUS,47.50132,19.236717,,,
NGC155,MERCEDES Citaro O 530 (BKV spec.),BUS,47.567398,19.02983,,,
MHU701,MB Citaro C2-S1-G csuklós autóbusz,BUS,47.57161,19.134789,,,
MPW608,VanHool A330 CNG típusú szóló autóbusz,BUS,47.426037,19.158499,,,
V2232,CAF 5 modulos szerelvény,TRAM,47.54823,19.02889,,,
NGC162,MERCEDES Citaro O 530 (BKV spec.),BUS,47.550053,19.02879,260,Harsánylejtő,Óbudai rendelőintézet
T0300,Ikarus 435-ös típusú trolibusz,TROLLEYBUS,47.50761,19.150358,80,Keleti pályaudvar M,Örs vezér tere M H
V2231,CAF 5 modulos szerelvény,TRAM,47.518948,19.036299,17,Savoya Park,Bécsi út / Vörösvári út
NGC159,MERCEDES Citaro O 530 (BKV spec.),BUS,47.56792,19.031837,,,
MHU704,MB Citaro C2-S1-G csuklós autóbusz,BUS,47.56107,19.080462,,,
MHU703,MB Citaro C2-S1-G csuklós autóbusz,BUS,47.604,19.062965,34,"B.megyer, Újmegyeri tér",Göncz Árpád városkp. M
V2229,CAF 5 modulos szerelvény,TRAM,47.535908,19.033482,19,Kelenföld vasútállomás M,Bécsi út / Vörösvári út
FLR731,Volvo 7700A típusú csuklós autóbusz,BUS,47.45821,19.21112,,,
RYH813,Ikarus E91 típusú midi autóbusz,BUS,47.50773,19.02442,149,Fenyves utca,Széll Kálmán tér M
BPI990,Ikarus 280-as típusú autóbusz,BUS,47.603985,19.102577,30,Keleti pályaudvar M,"Káp.megyer, Mogyoródi-p."
SGY824,MAN Lions City A21 (ArrivaBus),BUS,47.475395,19.040527,58,Móricz Zs. körtér M,Jégmadár utca
T0248,GVM (Ikarus 280)típusú trolibusz,TROLLEYBUS,47.491104,19.114906,,,
FLR728,Volvo 7700A típusú csuklós autóbusz,BUS,47.462025,19.146711,,,
SIF014,VanHool  NewAG300 csuklós autóbusz,BUS,47.435734,19.144165,,,
919,MXA,SUBURBAN_RAILWAY,47.52019,19.219019,H9,Csömör,Örs vezér tere
FLR742,Volvo 7700A típusú csuklós autóbusz,BUS,47.49446,19.13938,161,Rákoscsaba,Örs vezér tere M H
LMG080,VOLVO-ALFABUSZ Civis 12 típ.szóló autób.,BUS,47.529182,19.003616,29,Hűvösvölgy,Szentlélek tér H
FLR743,Volvo 7700A típusú csuklós autóbusz,BUS,47.5075,19.02466,,,
LMG077,VOLVO-ALFABUSZ Civis 12 típ.szóló autób.,BUS,47.546665,19.017096,137,Erdőalja út-Máramaros út,Szentlélek tér H
FLR744,Volvo 7700A típusú csuklós autóbusz,BUS,47.505314,19.197443,45,"Cinkota, Lassú utca",Örs vezér tere M H
LMG090,VOLVO-ALFABUSZ Civis 12 típ.szóló autób.,BUS,47.53957,19.04696,29,Hűvösvölgy,Szentlélek tér H
FLR745,Volvo 7700A típusú csuklós autóbusz,BUS,47.504745,19.150742,276E,"R.csaba-Újtelep, Naplás út",Örs vezér tere M H
LMG084,VOLVO-ALFABUSZ Civis 12 típ.szóló autób.,BUS,47.601345,19.03641,243,Békásmegyer H,Pince köz
FLR738,Volvo 7700A típusú csuklós autóbusz,BUS,47.47946,19.256662,161,Rákoscsaba,Örs vezér tere M H
LMG070,VOLVO-ALFABUSZ Civis 12 típ.szóló autób.,BUS,47.506683,19.038849,11,Nagybányai út,Batthyány tér M H
FLR739,Volvo 7700A típusú csuklós autóbusz,BUS,47.500587,19.234676,,,
SIF015,VanHool  NewAG300 csuklós autóbusz,BUS,47.43593,19.132133,123A,Szentlőrinci úti ltp.,Határ út M
LMG074,VOLVO-ALFABUSZ Civis 12 típ.szóló autób.,BUS,47.567192,19.031748,,,
LMG017,VOLVO-ALFABUSZ Civis 12 típ.szóló autób.,BUS,47.56717,19.031708,,,
MHK920,Volvo 7000A típusú csuklós autóbusz,BUS,47.50045,19.236986,,,
V1354,KCSV7 Korszerűsített Ganz,TRAM,47.467827,19.075794,2,Jászai Mari tér,Közvágóhíd H
V2034,Siemens Combino,TRAM,47.49187,19.103636,,,
V4008,Tátra T5C5K,TRAM,47.56066,19.089792,14,"Káp.megyer, Megyeri út",Lehel tér M
BPO472,Ikarus 280-as típusú autóbusz,BUS,47.49142,19.117601,,,
V2037,Siemens Combino,TRAM,47.507294,19.060608,4,Újbuda-központ M,Széll Kálmán tér M
BPO218,Ikarus 412-es típusú autóbusz,BUS,47.428432,19.156635,,,
SGY802,MAN Lions City A21 (ArrivaBus),BUS,47.458183,19.027569,,,
V2031,Siemens Combino,TRAM,47.473976,19.05343,4,Újbuda-központ M,Széll Kálmán tér M
BPO476,Ikarus 280-as típusú autóbusz,BUS,47.568565,19.027966,,,
V1352,KCSV7 Korszerűsített Ganz,TRAM,47.4873,19.056252,2,Jászai Mari tér,Közvágóhíd H
V1350,KCSV7 Korszerűsített Ganz,TRAM,47.47032,19.092434,2,Jászai Mari tér,Közvágóhíd H
V2033,Siemens Combino,TRAM,47.47759,19.08574,4,Újbuda-központ M,Széll Kálmán tér M
SGY811,MAN Lions City A21 (ArrivaBus),BUS,47.47512,19.046888,154,Infopark - BudaPart,Gazdagréti tér
SGY809,MAN Lions City A21 (ArrivaBus),BUS,47.428104,19.008467,58,Móricz Zs. körtér M,Jégmadár utca
FLR715,Volvo 7700A típusú csuklós autóbusz,BUS,47.4432,19.186333,,,
BPO469,Ikarus 280-as típusú autóbusz,BUS,47.42836,19.158176,,,
MRZ392,"MAN A21 szóló (Volán, helyközi, 2 ajtós)",BUS,47.43101,18.916204,172,Kelenföld vasútállomás M,Törökbálint vasútállomás
V1365,Ganz csuklós,TRAM,47.46992,19.025715,49,Kelenföld vasútállomás M,Deák Ferenc tér M
FLR721,Volvo 7700A típusú csuklós autóbusz,BUS,47.50199,19.236412,,,
FLR722,Volvo 7700A típusú csuklós autóbusz,BUS,47.54399,19.087631,914,"Káp.megyer, Mogyoródi-p.",Dél-pesti autóbuszgarázs
NLE849,MODULO Medio C68E midi autóbusz,BUS,47.474907,19.028107,,,
SGY815,MAN Lions City A21 (ArrivaBus),BUS,47.42155,19.065578,138,Budatétény vá. (Campona),"Csepel, Szent Imre tér"
FLR716,Volvo 7700A típusú csuklós autóbusz,BUS,47.50043,19.135593,168E,"Rákoshegy, Ferihegyi út",Örs vezér tere M H
SGY813,MAN Lions City A21 (ArrivaBus),BUS,47.45802,19.028404,,,
FLR718,Volvo 7700A típusú csuklós autóbusz,BUS,47.484623,19.178633,202E,Kucorgó tér,Kőbánya-Kispest M
FLR719,Volvo 7700A típusú csuklós autóbusz,BUS,47.499138,19.237452,,,
FLR724,Volvo 7700A típusú csuklós autóbusz,BUS,47.485424,19.282087,202E,Kucorgó tér,Kőbánya-Kispest M
SGY820,MAN Lions City A21 (ArrivaBus),BUS,47.410465,19.02181,,,
SGY821,MAN Lions City A21 (ArrivaBus),BUS,47.45799,19.029383,58,Móricz Zs. körtér M,Jégmadár utca
MKL981,VanHool NewA330 szóló autóbusz,BUS,47.428566,19.15722,,,
NLE853,MODULO Medio C68E midi autóbusz,BUS,47.47492,19.028141,,,
MRZ385,"MAN A21 szóló (Volán, helyi, 3 ajtós)",BUS,47.432236,19.042952,,,
V2012,Siemens Combino,TRAM,47.49031,19.101894,4,Újbuda-központ M,Széll Kálmán tér M
V1330,KCSV7 Korszerűsített Ganz,TRAM,47.512585,19.047558,2,Jászai Mari tér,Közvágóhíd H
FKU946,Volvo 7700A típusú csuklós autóbusz,BUS,47.489086,19.136969,85,Kőbánya-Kispest M,Örs vezér tere M H
V1332,KCSV7 Korszerűsített Ganz,TRAM,47.490223,19.052183,2,Jászai Mari tér,Közvágóhíd H
V2014,Siemens Combino,TRAM,47.48196,19.068428,6,Móricz Zs. körtér M,Széll Kálmán tér M
FKU947,Volvo 7700A típusú csuklós autóbusz,BUS,47.491352,19.116276,,,
FKU948,Volvo 7700A típusú csuklós autóbusz,BUS,47.579002,19.090305,30,Keleti pályaudvar M,"Káp.megyer, Mogyoródi-p."
SKR814,MERCEDES Conecto 2 szóló autóbusz,BUS,47.521233,19.025084,91,Széll Kálmán tér M,Nyugati pályaudvar M
MRZ357,"MAN A21 szóló (Volán, helyi, 3 ajtós)",BUS,47.50752,19.023863,922,"Budakeszi, Dózsa Gy. tér",Széll Kálmán tér M
MRZ356,"MAN A21 szóló (Volán, helyi, 3 ajtós)",BUS,47.468933,18.901245,22A,"Budakeszi, Dózsa Gy. tér",Széll Kálmán tér M
V2011,Siemens Combino,TRAM,47.50745,19.0231,6,Móricz Zs. körtér M,Széll Kálmán tér M
FKU944,Volvo 7700A típusú csuklós autóbusz,BUS,47.483284,19.127663,,,
SKR821,MERCEDES Conecto 2 szóló autóbusz,BUS,47.530293,19.153404,130,"Újpalota, Sárfű utca",Puskás Ferenc Stadion M
MRZ363,"MAN A21 szóló (Volán, helyi, 3 ajtós)",BUS,47.50742,19.025623,22A,"Budakeszi, Dózsa Gy. tér",Széll Kálmán tér M
FKU950,Volvo 7700A típusú csuklós autóbusz,BUS,47.512432,19.196318,276E,"R.csaba-Újtelep, Naplás út",Örs vezér tere M H
V2017,Siemens Combino,TRAM,47.492294,19.104038,,,
MRZ364,"MAN A21 szóló (Volán, helyi, 3 ajtós)",BUS,47.46338,19.02288,,,
MRZ370,"MAN A21 szóló (Volán, helyi, 3 ajtós)",BUS,47.463642,19.022215,,,
V2023,Siemens Combino,TRAM,47.49591,19.072609,,,
V1340,KCSV7 Korszerűsített Ganz,TRAM,47.475864,19.07647,2,Jászai Mari tér,Közvágóhíd H
V2024,Siemens Combino,TRAM,47.51146,19.032932,6,Móricz Zs. körtér M,Széll Kálmán tér M
MRZ372,"MAN A21 szóló (Volán, helyi, 3 ajtós)",BUS,47.533134,19.03565,,,
V2025,Siemens Combino,TRAM,47.491753,19.104134,,,
SKR824,MERCEDES Conecto 2 szóló autóbusz,BUS,47.426575,19.160835,948,"Csepel, Hollandi út",Dél-pesti autóbuszgarázs
SKR825,MERCEDES Conecto 2 szóló autóbusz,BUS,47.426895,19.15951,193E,Market Central Ferihegy,Kőbánya-Kispest M
MRZ365,"MAN A21 szóló (Volán, helyközi, 2 ajtós)",BUS,47.398956,18.984583,,,
V2021,Siemens Combino,TRAM,47.477448,19.048828,6,Móricz Zs. körtér M,Széll Kálmán tér M
973-1137,MXA-MXA,SUBURBAN_RAILWAY,47.649437,19.048658,H5,Szentendre,Batthyány tér
SKR832,MERCEDES Conecto 2 szóló autóbusz,BUS,47.42711,19.158268,,,
V2028,Siemens Combino,TRAM,47.50731,19.024805,6,Móricz Zs. körtér M,Széll Kálmán tér M
SKR829,MERCEDES Conecto 2 szóló autóbusz,BUS,47.42711,19.159628,,,
NBW014,MERCEDES Conecto szóló (BKV),BUS,47.483864,19.230623,67,"Rákoskeresztúr, Aranylúd u.",Örs vezér tere M H
NAY265,Ikarus 412-es típusú autóbusz,BUS,47.436775,19.222628,266,"Ganztelep, Mednyánszky u.",Pestszentimre vasútáll.
V4238,Tátra T5C5K,TRAM,47.445442,18.991476,41,Kamaraerdei Ifj. Park,Bécsi út / Vörösvári út
NBW015,MERCEDES Conecto szóló (BKV),BUS,47.49868,19.236412,,,
NBW010,MERCEDES Conecto szóló (BKV),BUS,47.498837,19.237196,931A,Deák Ferenc tér M,Örs vezér tere M H
NBW011,MERCEDES Conecto szóló (BKV),BUS,47.4988,19.236988,,,
NAY267,Ikarus 412-es típusú autóbusz,BUS,47.464256,19.12735,,,
V4240,Tátra T5C5K,TRAM,47.577694,19.11593,14,"Káp.megyer, Megyeri út",Lehel tér M
NAY266,Ikarus 412-es típusú autóbusz,BUS,47.467842,19.243952,98,Rákoscsaba vasútállomás,Kőbánya-Kispest M
NAY268,Ikarus 412-es típusú autóbusz,BUS,47.4284,19.156696,,,
V1318,Ganz csuklós,TRAM,47.483288,19.05311,47,Városház tér,Deák Ferenc tér M
V2001,Siemens Combino,TRAM,47.50384,19.064983,6,Móricz Zs. körtér M,Széll Kálmán tér M
V2002,Siemens Combino,TRAM,47.51102,19.031958,6,Móricz Zs. körtér M,Széll Kálmán tér M
NAY270,Ikarus 412-es típusú autóbusz,BUS,47.4286,19.156487,,,
V2009,Siemens Combino,TRAM,47.48897,19.070732,6,Móricz Zs. körtér M,Széll Kálmán tér M
NAY307,MAN Lions City A21 (ArrivaBus),BUS,47.435467,19.099836,182,Alacskai úti lakótelep,Kőbánya-Kispest M
V2007,Siemens Combino,TRAM,47.473877,19.0491,4,Újbuda-központ M,Széll Kálmán tér M
V1581,TW 6000,TRAM,47.47764,19.07511,,,
MOS269,"Volvo 7900 csuklós (Volán, helyi, 4 ajt)",BUS,47.43102,19.071009,38,Szigetszentmiklós,"Csepel, Szent Imre tér"
V1580,TW 6000,TRAM,47.47689,19.082062,24,Keleti pályaudvar M,Közvágóhíd H
MOS275,"Volvo 7900 csuklós (Volán, helyi, 4 ajt)",BUS,47.442417,19.132906,,,
V1583,TW 6000,TRAM,47.479362,19.08987,24,Keleti pályaudvar M,Közvágóhíd H
V4216,Tátra T5C5K,TRAM,47.4365,19.033857,,,
MOS270,"Volvo 7900 csuklós (Volán, helyi, 4 ajt)",BUS,47.589348,19.149744,,,
V1584,TW 6000,TRAM,47.496277,19.071444,28A,Új köztemető (Kozma u.),Blaha Lujza tér M
935,MXA,SUBURBAN_RAILWAY,47.5159,19.207129,H9,Csömör,Örs vezér tere
V1589,TW 6000,TRAM,47.4848,19.156097,28A,Új köztemető (Kozma u.),Blaha Lujza tér M
V4224,Tátra T5C5K,TRAM,47.55127,19.09245,,,
V4226,Tátra T5C5K,TRAM,47.470043,19.025263,,,
NBW001,MERCEDES Conecto szóló (BKV),BUS,47.500942,19.23672,67,"Rákoskeresztúr, Aranylúd u.",Örs vezér tere M H
NBW007,MERCEDES Conecto szóló (BKV),BUS,47.498817,19.237066,,,
NBW009,MERCEDES Conecto szóló (BKV),BUS,47.499832,19.237162,,,
MUT887,VanHool  NewAG300 csuklós autóbusz,BUS,47.427784,19.158426,,,
MUT889,VanHool  NewAG300 csuklós autóbusz,BUS,47.43687,19.097492,923,Békásmegyer H,Dél-pesti autóbuszgarázs
MUT895,VanHool  NewAG300 csuklós autóbusz,BUS,47.427128,19.157272,,,
MUT894,VanHool  NewAG300 csuklós autóbusz,BUS,47.59872,19.054192,160,Békásmegyer H,Óbudai rendelőintézet
MUT891,VanHool  NewAG300 csuklós autóbusz,BUS,47.426674,19.157812,,,
V1561,TW 6000,TRAM,47.470806,19.09401,,,
V1560,TW 6000,TRAM,47.4991,19.08261,24,Keleti pályaudvar M,Közvágóhíd H
V4166,Tátra T5C5,TRAM,47.540215,19.04249,1,Kelenföld vasútállomás M,Bécsi út / Vörösvári út
V1563,TW 6000,TRAM,47.422054,19.122234,52,"P.erzsébet, Pacsirtatelep",Határ út M
V1568,TW 6000,TRAM,47.47592,19.178097,28A,Új köztemető (Kozma u.),Blaha Lujza tér M
MUT900,VanHool  NewAG300 csuklós autóbusz,BUS,47.479733,19.068146,23,Boráros tér H,"P.erzsébet, Ady Endre tér"
BPI147,Ikarus 435-ös típusú autóbusz,BUS,47.49999,19.237,,,
V1569,TW 6000,TRAM,47.430458,19.21453,50,"Pestszentlőrinc, Béke tér",Villanytelep
MOS264,"Volvo 7900 csuklós (Volán, helyi, 4 ajt)",BUS,47.484722,19.22855,169E,"Pécel, Kun József utca",Örs vezér tere M H
MUU906,VanHool  NewAG300 csuklós autóbusz,BUS,47.47441,19.09772,,,
MOS263,"Volvo 7900 csuklós (Volán, helyi, 4 ajt)",BUS,47.47126,19.092573,,,
V1577,TW 6000,TRAM,47.46472,19.123665,3,Mexikói út M,Gubacsi út / Határ út
MOS260,"Volvo 7900 csuklós (Volán, helyi, 4 ajt)",BUS,47.486084,19.093912,,,
V4206,Tátra T5C5K,TRAM,47.471886,19.045624,41,Kamaraerdei Ifj. Park,Bécsi út / Vörösvári út
MOS262,"Volvo 7900 csuklós (Volán, helyi, 4 ajt)",BUS,47.46475,19.12708,,,
MUU904,VanHool  NewAG300 csuklós autóbusz,BUS,47.428364,19.157995,,,
V4207,Tátra T5C5K,TRAM,47.537857,19.052502,1,Kelenföld vasútállomás M,Bécsi út / Vörösvári út
MOS256,"Volvo 7900 csuklós (Volán, helyi, 4 ajt)",BUS,47.387287,19.208332,294E,"Gyál, Vecsési út",Határ út M
915,MXA,SUBURBAN_RAILWAY,47.59617,19.271566,H8,Gödöllő,Örs vezér tere
V1553,TW 6000,TRAM,47.4503,19.161922,50,"Pestszentlőrinc, Béke tér",Villanytelep
MUT886,VanHool  NewAG300 csuklós autóbusz,BUS,47.45055,19.160769,50,Lajosmizsei sorompó,Határ út M
V1550,TW 6000,TRAM,47.49013,19.106848,37A,Sörgyár,Blaha Lujza tér M
PDN608,MAN Lions City A21 (ArrivaBus),BUS,47.439182,19.036415,,,
PDN610,MAN Lions City A21 (ArrivaBus),BUS,47.477356,19.047674,114,"Baross G.-telep, Ispiláng u.",Móricz Zs. körtér M
LYH129,MERCEDES Citaro O 530 (BKV spec.),BUS,47.520397,19.026407,91,Széll Kálmán tér M,Nyugati pályaudvar M
LYH130,MERCEDES Citaro O 530 (BKV spec.),BUS,47.557697,19.04628,,,
PDN617,MAN Lions City A21 (ArrivaBus),BUS,47.458336,19.028263,,,
PDN615,MAN Lions City A21 (ArrivaBus),BUS,47.457474,19.033453,114,"Baross G.-telep, Ispiláng u.",Móricz Zs. körtér M
PDN614,MAN Lions City A21 (ArrivaBus),BUS,47.45781,19.029074,,,
BPI188,Ikarus 280-as típusú autóbusz,BUS,47.568127,19.030277,,,
PDN612,MAN Lions City A21 (ArrivaBus),BUS,47.458042,19.028711,,,
V4140,Tátra T5C5K,TRAM,47.506687,19.024368,61,Móricz Zs. körtér M,Hűvösvölgy
PDN626,MAN Lions City A21 (ArrivaBus),BUS,47.487316,18.989805,53,Mindszenty J. bíboros tér,Móricz Zs. körtér M
PDN624,MAN Lions City A21 (ArrivaBus),BUS,47.428917,19.002995,150,Budatétény vá. (Campona),Móricz Zs. körtér M
PDN625,MAN Lions City A21 (ArrivaBus),BUS,47.43664,19.039276,250,Savoya Park,Kelenföld vasútállomás M
PDN622,MAN Lions City A21 (ArrivaBus),BUS,47.465603,19.015652,154,Infopark - BudaPart,Gazdagréti tér
PDN623,MAN Lions City A21 (ArrivaBus),BUS,47.464775,19.017649,141,Savoya Park,Kelenföld vasútállomás M
LYH115,MERCEDES Citaro O 530 (BKV spec.),BUS,47.568527,19.028212,,,
LYH116,MERCEDES Citaro O 530 (BKV spec.),BUS,47.5679,19.03193,,,
PDB384,MERCEDES Conecto szóló (BKV),BUS,47.499165,19.23664,,,
PDB382,MERCEDES Conecto szóló (BKV),BUS,47.497295,19.223969,,,
PDB381,MERCEDES Conecto szóló (BKV),BUS,47.50001,19.106483,,,
PDB379,MERCEDES Conecto szóló (BKV),BUS,47.49925,19.237103,,,
PDN607,MAN Lions City A21 (ArrivaBus),BUS,47.458096,19.0293,,,
V4117,Tátra T5C5K,TRAM,47.563606,19.090908,14,"Káp.megyer, Megyeri út",Lehel tér M
LYH128,MERCEDES Citaro O 530 (BKV spec.),BUS,47.529095,19.039043,109,Batthyány tér M H,"Óbuda, Bogdáni út"
LYH122,MERCEDES Citaro O 530 (BKV spec.),BUS,47.567795,19.029484,,,
LYH123,MERCEDES Citaro O 530 (BKV spec.),BUS,47.54849,19.02914,,,
V4112,Tátra T5C5K,TRAM,47.550983,19.093262,,,
LYH124,MERCEDES Citaro O 530 (BKV spec.),BUS,47.507412,19.039255,,,
PDN603,MAN Lions City A21 (ArrivaBus),BUS,47.45792,19.02836,,,
PDN604,MAN Lions City A21 (ArrivaBus),BUS,47.477425,19.047874,213,Donát-hegy,Móricz Zs. körtér M
PDB389,MERCEDES Conecto szóló (BKV),BUS,47.499096,19.236217,,,
PDB390,MERCEDES Conecto szóló (BKV),BUS,47.499237,19.236975,,,
PDB720,MERCEDES Conecto csuklós,BUS,47.492523,19.060986,M3,Lehel tér M,Nagyvárad tér M
BPO878,Ikarus 280-as típusú autóbusz,BUS,47.428562,19.156889,,,
PDB718,MERCEDES Conecto csuklós,BUS,47.476276,19.096357,M3,Lehel tér M,Nagyvárad tér M
NGC150,MERCEDES Citaro O 530 (BKV spec.),BUS,47.568165,19.029425,,,
PDB719,MERCEDES Conecto csuklós,BUS,47.48944,19.062208,M3,Lehel tér M,Nagyvárad tér M
NGC152,MERCEDES Citaro O 530 (BKV spec.),BUS,47.567722,19.032625,,,
PXZ876,MAN Lions City GL NG313 csuklós busz,BUS,47.42709,19.158245,,,
NGC147,MERCEDES Citaro O 530 (BKV spec.),BUS,47.543083,19.0303,,,
PDB714,MERCEDES Conecto csuklós,BUS,47.524426,19.037676,,,
NGC151,MERCEDES Citaro O 530 (BKV spec.),BUS,47.567898,19.029312,237,Jablonka út,Szentlélek tér H
NCZ576,Volvo szóló autóbusz,BUS,47.47344,19.02911,,,
PDB377,MERCEDES Conecto szóló (BKV),BUS,47.500595,19.236284,,,
PDB376,MERCEDES Conecto szóló (BKV),BUS,47.519024,19.223455,908,Cinkotai autóbuszgarázs,Móricz Zs. körtér M
PDZ833,MERCEDES O530 Citaro G csuklós autóbusz,BUS,47.584927,19.086092,147,"Megyer, Julianus barát u.",Újpest-központ M
PDZ830,MERCEDES O530 Citaro G csuklós autóbusz,BUS,47.560684,19.09131,950,"Rákospalota, Kossuth utca",Pestszentimre vasútáll.
PDZ831,MERCEDES O530 Citaro G csuklós autóbusz,BUS,47.568146,19.030222,,,
PDB724,MERCEDES Conecto csuklós,BUS,47.546192,19.033272,,,
PDB703,MERCEDES Conecto csuklós,BUS,47.482376,19.079739,M3,Lehel tér M,Nagyvárad tér M
PDB701,MERCEDES Conecto csuklós,BUS,47.56722,19.030756,,,
PCC930,MERCEDES Citaro O 530 (BKV spec.),BUS,47.568127,19.02941,,,
PCC923,MERCEDES O530 Citaro G csuklós autóbusz,BUS,47.56806,19.030474,,,
PCC928,MERCEDES Citaro O 530 (BKV spec.),BUS,47.52599,19.008781,11,Nagybányai út,Batthyány tér M H
NCZ559,Volvo szóló autóbusz,BUS,47.49115,19.116978,,,
PRM531,Volvo 7000A típusú csuklós autóbusz,BUS,47.471275,19.286497,97E,Rákoskert sugárút,Örs vezér tere M H
PCC922,MERCEDES O530 Citaro G csuklós autóbusz,BUS,47.568287,19.027739,,,
NCZ557,Volvo szóló autóbusz,BUS,47.474026,19.025476,,,
PCC920,MERCEDES O530 Citaro G csuklós autóbusz,BUS,47.49876,19.05491,M3,Lehel tér M,Nagyvárad tér M
PRM530,Volvo 7000A típusú csuklós autóbusz,BUS,47.49926,19.235716,,,
PON993,Volvo 7700A típusú csuklós autóbusz,BUS,47.493862,19.260656,276E,"R.csaba-Újtelep, Naplás út",Örs vezér tere M H
NCZ556,Volvo szóló autóbusz,BUS,47.490013,19.046434,105,Gyöngyösi utca M,Apor Vilmos tér
PDB712,MERCEDES Conecto csuklós,BUS,47.541954,19.070766,,,
PDB709,MERCEDES Conecto csuklós,BUS,47.56716,19.03096,30A,Keleti pályaudvar M,"Megyer, Szondi utca"
PDB710,MERCEDES Conecto csuklós,BUS,47.567112,19.031193,,,
NCZ573,Volvo szóló autóbusz,BUS,47.491306,19.116192,,,
PDB707,MERCEDES Conecto csuklós,BUS,47.56706,19.031427,9,Kőbánya alsó vasútáll.,"Óbuda, Bogdáni út"
NCZ570,Volvo szóló autóbusz,BUS,47.492348,19.11828,,,
PDB708,MERCEDES Conecto csuklós,BUS,47.56774,19.030697,,,
PTG283,MERCEDES O530 Citaro G csuklós autóbusz,BUS,47.568497,19.029823,,,
PDB705,MERCEDES Conecto csuklós,BUS,47.50969,19.096437,5,"Rákospalota, Kossuth utca",Pasaréti tér
PDB706,MERCEDES Conecto csuklós,BUS,47.516457,19.059696,950,"Rákospalota, Kossuth utca",Pestszentimre vasútáll.
MFW538,Volvo szóló autóbusz,BUS,47.474033,19.025934,102,Szendrő utca,Széll Kálmán tér M
NCZ564,Volvo szóló autóbusz,BUS,47.492134,19.115145,,,
V1603,TW 6000,TRAM,47.465046,19.126078,52,"P.erzsébet, Pacsirtatelep",Határ út M
PCC931,MERCEDES O530 Citaro G csuklós autóbusz,BUS,47.46494,19.127716,,,
NCA516,MERCEDES Conecto csuklós,BUS,47.458614,19.026947,,,
NCA512,MERCEDES Conecto csuklós,BUS,47.458702,19.026924,,,
T9013,SKODA-SOLARIS Trollino 18 csuklós tr.,TROLLEYBUS,47.50517,19.136414,82,Uzsoki Utcai Kórház,Örs vezér tere M H
MFW502,Volvo szóló autóbusz,BUS,47.519394,19.090708,,,
MFW533,Volvo szóló autóbusz,BUS,47.508926,19.179152,,,
PCG507,VOLVO-ALFABUSZ Civis 12 típ.szóló autób.,BUS,47.567257,19.031507,,,
NCZ553,Volvo szóló autóbusz,BUS,47.491325,19.118435,,,
NCZ545,Volvo szóló autóbusz,BUS,47.478203,19.044806,,,
RVY719,MERCEDES Conecto G 2 csuklós autóbusz,BUS,47.508835,19.055128,M3,Lehel tér M,Nagyvárad tér M
T8017,SKODA-SOLARIS Trollino 12 szóló tr.,TROLLEYBUS,47.5317,19.104544,74,Károly körút (Astoria M),Csáktornya park
RVY720,MERCEDES Conecto G 2 csuklós autóbusz,BUS,47.41797,19.253847,,,
T8015,SKODA-SOLARIS Trollino 12 szóló tr.,TROLLEYBUS,47.491898,19.117508,,,
RVY717,MERCEDES Conecto G 2 csuklós autóbusz,BUS,47.48428,19.074259,M3,Lehel tér M,Nagyvárad tér M
NCA527,MERCEDES Conecto csuklós,BUS,47.47836,19.002132,8E,"Újpalota, Nyírpalota út",Kelenföld vasútállomás M
MFW532,Volvo szóló autóbusz,BUS,47.50134,19.236332,,,
RVY718,MERCEDES Conecto G 2 csuklós autóbusz,BUS,47.426846,19.157688,,,
T8016,SKODA-SOLARIS Trollino 12 szóló tr.,TROLLEYBUS,47.51397,19.049322,76,Jászai Mari tér,Keleti pályaudvar M
NCA528,MERCEDES Conecto csuklós,BUS,47.478027,19.025354,139,Széll Kálmán tér M,Gazdagréti tér
RVY715,MERCEDES Conecto G 2 csuklós autóbusz,BUS,47.427116,19.158615,,,
T8013,SKODA-SOLARIS Trollino 12 szóló tr.,TROLLEYBUS,47.505966,19.07948,74,Károly körút (Astoria M),Csáktornya park
MHK907,Volvo 7000A típusú csuklós autóbusz,BUS,47.500298,19.236383,,,
RVY716,MERCEDES Conecto G 2 csuklós autóbusz,BUS,47.46202,19.150562,136E,Havanna utcai lakótelep,Kőbánya-Kispest M
NCA526,MERCEDES Conecto csuklós,BUS,47.45914,19.026953,,,
T8011,SKODA-SOLARIS Trollino 12 szóló tr.,TROLLEYBUS,47.49984,19.08353,76,Jászai Mari tér,Keleti pályaudvar M
RVY713,MERCEDES Conecto G 2 csuklós autóbusz,BUS,47.452595,19.19722,200E,Cargo City-Liszt F. Airport 2,Kőbánya-Kispest M
PKN631,MERCEDES Conecto szóló (BKV),BUS,47.427086,19.159895,198,"R.csaba-Újtelep, Tóalmás u.",Dél-pesti autóbuszgarázs
T8012,SKODA-SOLARIS Trollino 12 szóló tr.,TROLLEYBUS,47.491035,19.114244,,,
RVY714,MERCEDES Conecto G 2 csuklós autóbusz,BUS,47.45851,19.119007,123A,Szentlőrinci úti ltp.,Határ út M
PKN605,MERCEDES Conecto szóló (BKV),BUS,47.50093,19.236917,,,
RVY711,MERCEDES Conecto G 2 csuklós autóbusz,BUS,47.461384,19.149216,136E,Havanna utcai lakótelep,Kőbánya-Kispest M
NCA521,MERCEDES Conecto csuklós,BUS,47.516396,19.10715,133E,"Újpalota, Nyírpalota út","Nagytétény, Erdélyi utca"
MFW524,Volvo szóló autóbusz,BUS,47.47457,19.027903,,,
RVY712,MERCEDES Conecto G 2 csuklós autóbusz,BUS,47.428253,19.157898,,,
NCA520,MERCEDES Conecto csuklós,BUS,47.476696,18.98748,8E,"Újpalota, Nyírpalota út",Kelenföld vasútállomás M
T0357,MAN NGE152 típusú csuklós trolibusz,TROLLEYBUS,47.50453,19.100471,,,
T9010,SKODA-SOLARIS Trollino 18 csuklós tr.,TROLLEYBUS,47.499886,19.083368,80,Keleti pályaudvar M,Örs vezér tere M H
T9007,SKODA-SOLARIS Trollino 18 csuklós tr.,TROLLEYBUS,47.503498,19.118517,80,Keleti pályaudvar M,Örs vezér tere M H
MHK916,Volvo 7000A típusú csuklós autóbusz,BUS,47.4993,19.237167,,,
PMP917,Modulo M168d csuklós autóbusz,BUS,47.474453,19.028156,,,
NCA506,MERCEDES Conecto csuklós,BUS,47.396328,18.996443,33,"Nagytétény, ipartelep",Móricz Zs. körtér M
T9005,SKODA-SOLARIS Trollino 18 csuklós tr.,TROLLEYBUS,47.49146,19.117834,,,
T9006,SKODA-SOLARIS Trollino 18 csuklós tr.,TROLLEYBUS,47.49201,19.119247,,,
NCA504,MERCEDES Conecto csuklós,BUS,47.458218,19.02746,,,
T9003,SKODA-SOLARIS Trollino 18 csuklós tr.,TROLLEYBUS,47.504955,19.12118,80,Keleti pályaudvar M,Örs vezér tere M H
NCA501,MERCEDES Conecto csuklós,BUS,47.458202,19.029593,139,Széll Kálmán tér M,Gazdagréti tér
MHK911,Volvo 7000A típusú csuklós autóbusz,BUS,47.4987,19.237537,,,
NCA502,MERCEDES Conecto csuklós,BUS,47.458595,19.026962,,,
MFW521,Volvo szóló autóbusz,BUS,47.500954,19.235022,,,
MHK914,Volvo 7000A típusú csuklós autóbusz,BUS,47.500862,19.235767,,,
T9001,SKODA-SOLARIS Trollino 18 csuklós tr.,TROLLEYBUS,47.488914,19.109066,,,
T0356,MAN NGE152 típusú csuklós trolibusz,TROLLEYBUS,47.49187,19.117357,,,
T9002,SKODA-SOLARIS Trollino 18 csuklós tr.,TROLLEYBUS,47.504025,19.13676,80,Keleti pályaudvar M,Örs vezér tere M H
MHK913,Volvo 7000A típusú csuklós autóbusz,BUS,47.50513,19.13677,45,"Cinkota, Lassú utca",Örs vezér tere M H
MFW523,Volvo szóló autóbusz,BUS,47.507053,19.023157,102,Szendrő utca,Széll Kálmán tér M
NCA530,MERCEDES Conecto csuklós,BUS,47.465878,19.016157,139,Széll Kálmán tér M,Gazdagréti tér
T9111,4. gen. SOLARIS Trollino 18 trolibusz,TROLLEYBUS,47.484715,19.059557,83,Fővám tér M,Orczy tér
MHK909,Volvo 7000A típusú csuklós autóbusz,BUS,47.49851,19.23796,,,
MHU873,MB Citaro C2-S1 szóló autóbusz,BUS,47.563114,19.124876,96,"Újpest, Fóti út","Újpalota, Szentmihályi út"
PKN617,MERCEDES Conecto szóló (BKV),BUS,47.46478,19.240908,198,"R.csaba-Újtelep, Tóalmás u.",Dél-pesti autóbuszgarázs
RVY619,MERCEDES Conecto 2 szóló autóbusz,BUS,47.47049,19.111036,181,Ecseri út M - József A. ltp.,Ecseri út M - Aszódi utca
RVY620,MERCEDES Conecto 2 szóló autóbusz,BUS,47.47609,19.118809,99,Mátyás király tér,Blaha Lujza tér M
PKN618,MERCEDES Conecto szóló (BKV),BUS,47.499813,19.135338,,,
RVY617,MERCEDES Conecto 2 szóló autóbusz,BUS,47.42782,19.157064,,,
MHU869,MB Citaro C2-S1 szóló autóbusz,BUS,47.50923,19.069412,105,Gyöngyösi utca M,Apor Vilmos tér
SKR737,MERCEDES Conecto G 2 csuklós autóbusz,BUS,47.5153,19.093557,M3,Lehel tér M,Nagyvárad tér M
PKN613,MERCEDES Conecto szóló (BKV),BUS,47.5149,19.19157,996,Cinkotai autóbuszgarázs,Újpest-központ M
FKU930,Volvo 7700A típusú csuklós autóbusz,BUS,47.473415,19.02917,,,
RVY615,MERCEDES Conecto 2 szóló autóbusz,BUS,47.42689,19.159315,,,
MHU868,MB Citaro C2-S1 szóló autóbusz,BUS,47.562965,19.117802,,,
RVY616,MERCEDES Conecto 2 szóló autóbusz,BUS,47.426746,19.15813,,,
PKN614,MERCEDES Conecto szóló (BKV),BUS,47.50429,19.136152,990,Rákoskert,Normafa
SKR801,MERCEDES Conecto 2 szóló autóbusz,BUS,47.49699,19.055716,979A,"Csepel, Csillagtelep",Deák Ferenc tér M
PKN611,MERCEDES Conecto szóló (BKV),BUS,47.503963,19.143576,44,Centenáriumi lakótelep,Örs vezér tere M H
FKU932,Volvo 7700A típusú csuklós autóbusz,BUS,47.500385,19.135635,,,
NCA452,MERCEDES Conecto csuklós,BUS,47.479298,19.067772,,,
RVY613,MERCEDES Conecto 2 szóló autóbusz,BUS,47.427387,19.15798,,,
PKN612,MERCEDES Conecto szóló (BKV),BUS,47.496674,19.233358,92,Kistarcsa - Auchan Liget,Rákosszentmihály vasútáll.
SKR736,MERCEDES Conecto G 2 csuklós autóbusz,BUS,47.500984,19.236795,,,
PKN620,MERCEDES Conecto szóló (BKV),BUS,47.51271,19.138084,31,"Árpádföld, Bekecs utca",Örs vezér tere M H
FKU926,Volvo 7700A típusú csuklós autóbusz,BUS,47.508743,19.208801,,,
FKU927,Volvo 7700A típusú csuklós autóbusz,BUS,47.49965,19.104252,,,
MHU867,MB Citaro C2-S1 szóló autóbusz,BUS,47.53514,19.083033,178,Gyöngyösi utca M,Naphegy tér
FKU929,Volvo 7700A típusú csuklós autóbusz,BUS,47.500465,19.135609,276E,"R.csaba-Újtelep, Naplás út",Örs vezér tere M H
FKU924,Volvo 7700A típusú csuklós autóbusz,BUS,47.49141,19.116259,,,
PKN629,MERCEDES Conecto szóló (BKV),BUS,47.505444,19.198313,46,Helikopter lakópark,"Újpalota, Nyírpalota út"
RVY708,MERCEDES Conecto G 2 csuklós autóbusz,BUS,47.454594,19.11441,,,
SKR813,MERCEDES Conecto 2 szóló autóbusz,BUS,47.49221,19.116241,,,
NCA519,MERCEDES Conecto csuklós,BUS,47.464127,19.01869,8E,"Újpalota, Nyírpalota út",Kelenföld vasútállomás M
RVY709,MERCEDES Conecto G 2 csuklós autóbusz,BUS,47.426792,19.15925,,,
T8004,SKODA-SOLARIS Trollino 12 szóló tr.,TROLLEYBUS,47.517735,19.124382,77,Öv utca / Egressy út,Puskás Ferenc Stadion M
RVY706,MERCEDES Conecto G 2 csuklós autóbusz,BUS,47.46551,19.234098,168E,"Rákoshegy, Ferihegyi út",Örs vezér tere M H
SKR811,MERCEDES Conecto 2 szóló autóbusz,BUS,47.511257,19.056898,91,Széll Kálmán tér M,Nyugati pályaudvar M
NCA513,MERCEDES Conecto csuklós,BUS,47.45815,19.02934,133E,"Újpalota, Nyírpalota út","Nagytétény, Erdélyi utca"
MFW526,Volvo szóló autóbusz,BUS,47.499607,19.235676,,,
PKN624,MERCEDES Conecto szóló (BKV),BUS,47.50031,19.235666,,,
FKU941,Volvo 7700A típusú csuklós autóbusz,BUS,47.49162,19.117756,,,
PKN625,MERCEDES Conecto szóló (BKV),BUS,47.50026,19.235666,,,
SKR812,MERCEDES Conecto 2 szóló autóbusz,BUS,47.491367,19.117668,,,
FKU943,Volvo 7700A típusú csuklós autóbusz,BUS,47.501186,19.23601,,,
PKN622,MERCEDES Conecto szóló (BKV),BUS,47.4822,19.243652,162A,"Rákoskeresztúr, városkp.",Kőbánya alsó vasútáll.
SKR809,MERCEDES Conecto 2 szóló autóbusz,BUS,47.49147,19.117825,,,
NKA345,MERCEDES Citaro O 530 (BKV spec.),BUS,47.567947,19.03176,149,Fenyves utca,Széll Kálmán tér M
PKN623,MERCEDES Conecto szóló (BKV),BUS,47.490643,19.038567,112,Bosnyák tér,Thomán István utca
MHU875,MB Citaro C2-S1 szóló autóbusz,BUS,47.549023,19.07357,105,Gyöngyösi utca M,Apor Vilmos tér
RVY702,MERCEDES Conecto G 2 csuklós autóbusz,BUS,47.42682,19.15771,,,
T8001,SKODA-SOLARIS Trollino 12 szóló tr.,TROLLEYBUS,47.491055,19.114567,,,
FKU938,Volvo 7700A típusú csuklós autóbusz,BUS,47.492332,19.117323,,,
PKN621,MERCEDES Conecto szóló (BKV),BUS,47.537296,19.137844,,,
NKA343,MERCEDES Citaro O 530 (BKV spec.),BUS,47.56838,19.03017,,,
SKR805,MERCEDES Conecto 2 szóló autóbusz,BUS,47.492203,19.11713,,,
MHU876,MB Citaro C2-S1 szóló autóbusz,BUS,47.572308,19.134117,105,Gyöngyösi utca M,Apor Vilmos tér
FKU940,Volvo 7700A típusú csuklós autóbusz,BUS,47.50043,19.236868,,,
FKU934,Volvo 7700A típusú csuklós autóbusz,BUS,47.49166,19.118229,,,
RIW878,MAN Lions City GL NG313 csuklós busz,BUS,47.475906,19.100529,,,
NHB036,Modulo M108d szóló autóbusz,BUS,47.473812,19.027992,,,
SGY986,Modulo M168d csuklós autóbusz,BUS,47.49447,19.060333,7,"Újpalota, Nyírpalota út",Albertfalva vasútállomás
RIW876,MAN Lions City GL NG313 csuklós busz,BUS,47.42828,19.159044,,,
MHU852,MB Citaro C2-S1 szóló autóbusz,BUS,47.56551,19.130043,104A,"Székesdűlő, ipartelep","Rákospalota, Kossuth utca"
FKU908,Volvo 7700A típusú csuklós autóbusz,BUS,47.473488,19.027372,,,
SGY983,Modulo M168d csuklós autóbusz,BUS,47.479065,19.089766,M3,Lehel tér M,Nagyvárad tér M
NGC033,Modulo M108d szóló autóbusz,BUS,47.47342,19.028545,,,
MHU848,MB Citaro C2-S1 szóló autóbusz,BUS,47.57149,19.135313,,,
FKU904,Volvo 7700A típusú csuklós autóbusz,BUS,47.518627,19.072504,30,Keleti pályaudvar M,"Káp.megyer, Mogyoródi-p."
NGC031,Modulo M108d szóló autóbusz,BUS,47.473488,19.027708,,,
FKU906,Volvo 7700A típusú csuklós autóbusz,BUS,47.4631,19.14864,85,Kőbánya-Kispest M,Örs vezér tere M H
NCA447,MERCEDES Conecto csuklós,BUS,47.442898,19.082207,,,
SKR730,MERCEDES Conecto G 2 csuklós autóbusz,BUS,47.462925,19.149717,202E,Kucorgó tér,Kőbánya-Kispest M
RVY608,MERCEDES Conecto 2 szóló autóbusz,BUS,47.427128,19.16062,,,
FKU923,Volvo 7700A típusú csuklós autóbusz,BUS,47.492344,19.11801,909,"Kispest, Kossuth tér",Deák Ferenc tér M
RVY609,MERCEDES Conecto 2 szóló autóbusz,BUS,47.48361,19.12761,,,
NCA445,MERCEDES Conecto csuklós,BUS,47.46576,19.12545,100E,Liszt Ferenc Airport 2,Deák Ferenc tér M
SKR729,MERCEDES Conecto G 2 csuklós autóbusz,BUS,47.50122,19.096012,,,
MHU863,MB Citaro C2-S1 szóló autóbusz,BUS,47.577816,19.105852,220,"Újpest, Erdősor út",Újpest-központ M
SKR726,MERCEDES Conecto G 2 csuklós autóbusz,BUS,47.426575,19.157942,,,
NCA443,MERCEDES Conecto csuklós,BUS,47.458664,19.026943,,,
RVY605,MERCEDES Conecto 2 szóló autóbusz,BUS,47.499893,19.104895,95,Felsőcsatári köz,Puskás Ferenc Stadion M
FKU921,Volvo 7700A típusú csuklós autóbusz,BUS,47.470016,19.165358,85,Kőbánya-Kispest M,Örs vezér tere M H
SKR724,MERCEDES Conecto G 2 csuklós autóbusz,BUS,47.426544,19.161192,,,
NCA441,MERCEDES Conecto csuklós,BUS,47.457535,19.0288,,,
NCA442,MERCEDES Conecto csuklós,BUS,47.45758,19.028812,,,
SKR725,MERCEDES Conecto G 2 csuklós autóbusz,BUS,47.4247,19.238598,200E,Cargo City-Liszt F. Airport 2,Kőbánya-Kispest M
FKU922,Volvo 7700A típusú csuklós autóbusz,BUS,47.491524,19.117897,,,
RVY603,MERCEDES Conecto 2 szóló autóbusz,BUS,47.427483,19.157097,,,
RVY610,MERCEDES Conecto 2 szóló autóbusz,BUS,47.427776,19.158258,,,
MHU854,MB Citaro C2-S1 szóló autóbusz,BUS,47.57165,19.134857,,,
SKR722,MERCEDES Conecto G 2 csuklós autóbusz,BUS,47.45954,19.140043,200E,Cargo City-Liszt F. Airport 2,Kőbánya-Kispest M
FKU915,Volvo 7700A típusú csuklós autóbusz,BUS,47.474674,19.02787,,,
SKR721,MERCEDES Conecto G 2 csuklós autóbusz,BUS,47.42834,19.158203,,,
BPI793,Ikarus 280-as típusú autóbusz,BUS,47.568542,19.029465,,,
MHU829,MB Citaro C2-S1 szóló autóbusz,BUS,47.536125,19.104391,25,Újpest-központ M,Mexikói út M
NCA497,MERCEDES Conecto csuklós,BUS,47.45228,19.135693,151,Kőbánya alsó vasútáll.,"Csepel, Határ utca"
RVY749,MERCEDES Conecto G 3 csuklós busz(Volán),BUS,47.477825,19.343012,169E,"Pécel, Kun József utca",Örs vezér tere M H
MHU831,MB Citaro C2-S1 szóló autóbusz,BUS,47.560745,19.090134,147,"Megyer, Julianus barát u.",Újpest-központ M
RVY746,MERCEDES Conecto G 3 csuklós busz(Volán),BUS,47.50691,19.11128,,,
FJX229,Volvo 7700A típusú csuklós autóbusz,BUS,47.49989,19.10848,,,
NCA496,MERCEDES Conecto csuklós,BUS,47.443443,19.08358,,,
NCA493,MERCEDES Conecto csuklós,BUS,47.483578,19.127356,151,Kőbánya alsó vasútáll.,"Csepel, Határ utca"
MHU825,MB Citaro C2-S1 szóló autóbusz,BUS,47.563034,19.118277,104A,"Székesdűlő, ipartelep","Rákospalota, Kossuth utca"
LMG072,VOLVO-ALFABUSZ Civis 12 típ.szóló autób.,BUS,47.56722,19.032465,,,
RVY742,MERCEDES Conecto G 3 csuklós busz(Volán),BUS,47.479797,19.25539,956,"Pécel, Kun József utca",Pesthidegkút-Hűvösvölgy
MHU826,MB Citaro C2-S1 szóló autóbusz,BUS,47.572056,19.134995,270,"Rákospalota, Csömöri-p.",Újpest-központ M
BPO051,Ikarus 260-as típusú autóbusz,BUS,47.428783,19.157,,,
NGC020,Modulo M108d szóló autóbusz,BUS,47.484665,19.026054,212,Svábhegy,Boráros tér H
NGC019,Modulo M108d szóló autóbusz,BUS,47.47438,19.028904,,,
FJX220,Volvo 7700A típusú csuklós autóbusz,BUS,47.49207,19.115147,,,
FJX221,Volvo 7700A típusú csuklós autóbusz,BUS,47.4737,19.029024,,,
MHU840,MB Citaro C2-S1 szóló autóbusz,BUS,47.570934,19.133625,,,
SCD594,VanHool A330 CNG típusú szóló autóbusz,BUS,47.427246,19.1594,,,
MHU839,MB Citaro C2-S1 szóló autóbusz,BUS,47.560493,19.090261,25,Újpest-központ M,Mexikói út M
NGC025,Modulo M108d szóló autóbusz,BUS,47.497448,18.964024,21,Széll Kálmán tér M,"Csillebérc, KFKI"
SIF012,MERCEDES Citaro O 530 (BKV spec.),BUS,47.53853,19.040398,109,Batthyány tér M H,"Óbuda, Bogdáni út"
FJX234,Volvo 7700A típusú csuklós autóbusz,BUS,47.474033,19.025454,,,
MHU838,MB Citaro C2-S1 szóló autóbusz,BUS,47.51969,19.09081,25,Újpest-központ M,Mexikói út M
FJX235,Volvo 7700A típusú csuklós autóbusz,BUS,47.512276,19.050343,9,Kőbánya alsó vasútáll.,"Óbuda, Bogdáni út"
NGC021,Modulo M108d szóló autóbusz,BUS,47.50658,19.024107,21,Széll Kálmán tér M,"Csillebérc, KFKI"
MHU837,MB Citaro C2-S1 szóló autóbusz,BUS,47.57119,19.13428,,,
SCD591,VanHool A330 CNG típusú szóló autóbusz,BUS,47.426197,19.158945,,,
SIE954,Volvo szóló autóbusz,BUS,47.473267,19.029396,105,Gyöngyösi utca M,Apor Vilmos tér
FJX231,Volvo 7700A típusú csuklós autóbusz,BUS,47.45483,19.033321,7,"Újpalota, Nyírpalota út",Albertfalva vasútállomás
MRP099,"MAN A21 szóló (Volán, helyi, 3 ajtós)",BUS,47.46095,18.959646,40,Budaörsi lakótelep,Kelenföld vasútállomás M
MHU806,MB Citaro C2-S1 szóló autóbusz,BUS,47.53821,19.069197,,,
FJX205,Volvo 7700A típusú csuklós autóbusz,BUS,47.473293,19.027916,,,
RVY727,MERCEDES Conecto G 3 csuklós busz(Volán),BUS,47.507767,19.11309,,,
NWB353,MERCEDES Conecto szóló (BKV),BUS,47.46726,19.24334,198,"R.csaba-Újtelep, Tóalmás u.",Dél-pesti autóbuszgarázs
MRP100,"MAN A21 szóló (Volán, helyközi, 2 ajtós)",BUS,47.43177,19.043911,,,
V1547,TW 6000,TRAM,47.48184,19.068644,,,
NWB351,MERCEDES Conecto szóló (BKV),BUS,47.49853,19.236593,,,
MRP094,"MAN A21 szóló (Volán, helyi, 3 ajtós)",BUS,47.452927,18.957468,,,
NWB352,MERCEDES Conecto szóló (BKV),BUS,47.498554,19.236725,110,Bosnyák tér,Thomán István utca
1135,MXA,SUBURBAN_RAILWAY,47.64291,19.032616,H5,Szentendre,Batthyány tér
FJX202,Volvo 7700A típusú csuklós autóbusz,BUS,47.48951,19.077225,9,Kőbánya alsó vasútáll.,"Óbuda, Bogdáni út"
MHU805,MB Citaro C2-S1 szóló autóbusz,BUS,47.6002,19.057259,204,"B.megyer, Újmegyeri tér","Rákospalota, Kossuth utca"
V1544,TW 6000,TRAM,47.455612,19.114313,52,"P.erzsébet, Pacsirtatelep",Határ út M
FJX203,Volvo 7700A típusú csuklós autóbusz,BUS,47.497585,19.055304,,,
NWB359,MERCEDES Conecto szóló (BKV),BUS,47.500286,19.135279,277,Bosnyák tér,Örs vezér tere M H
FJX209,Volvo 7700A típusú csuklós autóbusz,BUS,47.5484,19.043419,9,Kőbánya alsó vasútáll.,"Óbuda, Bogdáni út"
NWB357,MERCEDES Conecto szóló (BKV),BUS,47.50051,19.236229,,,
MHU812,MB Citaro C2-S1 szóló autóbusz,BUS,47.56046,19.091265,270,"Rákospalota, Csömöri-p.",Újpest-központ M
RVY729,MERCEDES Conecto G 3 csuklós busz(Volán),BUS,47.389595,19.031034,38,Szigetszentmiklós,"Csepel, Szent Imre tér"
BPI048,Ikarus 412-es típusú autóbusz,BUS,47.42692,19.158566,,,
MRP092,"MAN A21 szóló (Volán, helyközi, 2 ajtós)",BUS,47.46386,19.022429,,,
FJX215,Volvo 7700A típusú csuklós autóbusz,BUS,47.474293,19.026583,,,
MHU818,MB Citaro C2-S1 szóló autóbusz,BUS,47.548897,19.123009,124,"Rákospalota, Bogáncs utca",Bosnyák tér
RVY737,MERCEDES Conecto G 3 csuklós busz(Volán),BUS,47.48394,19.277435,169E,"Pécel, Kun József utca",Örs vezér tere M H
FJX216,Volvo 7700A típusú csuklós autóbusz,BUS,47.49136,19.11604,,,
NWB364,MERCEDES Conecto szóló (BKV),BUS,47.534477,19.182585,31,"Árpádföld, Bekecs utca",Örs vezér tere M H
NCA485,MERCEDES Conecto csuklós,BUS,47.497295,19.137823,97E,Rákoskert sugárút,Örs vezér tere M H
FJX218,Volvo 7700A típusú csuklós autóbusz,BUS,47.48547,19.107487,,,
RVY736,MERCEDES Conecto G 3 csuklós busz(Volán),BUS,47.454113,19.114805,55,"Gyál, Vecsési út",Boráros tér H
FJX211,Volvo 7700A típusú csuklós autóbusz,BUS,47.48464,19.114508,9,Kőbánya alsó vasútáll.,"Óbuda, Bogdáni út"
NWB362,MERCEDES Conecto szóló (BKV),BUS,47.49878,19.237638,,,
NWB363,MERCEDES Conecto szóló (BKV),BUS,47.49963,19.287024,198,"R.csaba-Újtelep, Tóalmás u.",Dél-pesti autóbuszgarázs
NCA484,MERCEDES Conecto csuklós,BUS,47.424877,19.041906,,,
FJX213,Volvo 7700A típusú csuklós autóbusz,BUS,47.474487,19.025879,,,
BPI057,Ikarus 412-es típusú autóbusz,BUS,47.427216,19.159103,,,
FJX219,Volvo 7700A típusú csuklós autóbusz,BUS,47.467827,19.024164,,,
RVY741,MERCEDES Conecto G 3 csuklós busz(Volán),BUS,47.506947,19.11131,,,
NCA491,MERCEDES Conecto csuklós,BUS,47.423695,19.069708,36,"Csepel, Csillagtelep",Pestszentlőrinc vasútáll.
NCA488,MERCEDES Conecto csuklós,BUS,47.464363,19.127026,66,"Soroksár, közp. raktárak",Határ út M
NCA489,MERCEDES Conecto csuklós,BUS,47.401096,19.11395,66,"Soroksár, közp. raktárak",Határ út M
RVY740,MERCEDES Conecto G 3 csuklós busz(Volán),BUS,47.50151,19.136328,169E,"Pécel, Kun József utca",Örs vezér tere M H
FJX210,Volvo 7700A típusú csuklós autóbusz,BUS,47.47445,19.025908,,,
NTP537,Modulo M108d szóló autóbusz,BUS,47.474667,19.028702,,,
V1525,TW 6000,TRAM,47.442326,19.185976,,,
MRP074,"MAN A21 szóló (Volán, helyközi, 2 ajtós)",BUS,47.432076,19.043207,,,
NTP539,Modulo M108d szóló autóbusz,BUS,47.473553,19.05278,212,Svábhegy,Boráros tér H
FJX188,Volvo 7700A típusú csuklós autóbusz,BUS,47.520695,19.038015,,,
NTP527,Volvo 7000A típusú csuklós autóbusz,BUS,47.535427,19.075031,32,Göncz Árpád városkp. M,Örs vezér tere M H
MRP088,"MAN A21 szóló (Volán, helyközi, 2 ajtós)",BUS,47.54009,19.046068,,,
MRP089,"MAN A21 szóló (Volán, helyközi, 2 ajtós)",BUS,47.43804,18.930796,172,Kelenföld vasútállomás M,Törökbálint vasútállomás
NTP526,Volvo 7000A típusú csuklós autóbusz,BUS,47.511723,19.125153,32,Göncz Árpád városkp. M,Örs vezér tere M H
FJX191,Volvo 7700A típusú csuklós autóbusz,BUS,47.47465,19.02792,,,
FJX192,Volvo 7700A típusú csuklós autóbusz,BUS,47.51473,19.04023,9,Kőbánya alsó vasútáll.,"Óbuda, Bogdáni út"
NUV682,VanHool NewA330 szóló autóbusz,BUS,47.431408,19.171736,,,
NUV683,VanHool NewA330 szóló autóbusz,BUS,47.428684,19.157188,,,
FJX199,Volvo 7700A típusú csuklós autóbusz,BUS,47.473557,19.028605,,,
NUU956,Volvo szóló autóbusz,BUS,47.474033,19.02604,,,
MRP056,"MAN A21 szóló (Volán, helyi, 3 ajtós)",BUS,47.435307,18.918774,88A,"Törökbálint, Márta utca",Kelenföld vasútállomás M
1115,MXA,SUBURBAN_RAILWAY,47.556156,19.044912,H5,Szentendre,Batthyány tér
T0708,Ikarus 412-es típusú trolibusz,TROLLEYBUS,47.49113,19.115232,,,
MMM137,MERCEDES Citaro O 530 (BKV spec.),BUS,47.55061,19.041706,109,Batthyány tér M H,"Óbuda, Bogdáni út"
T0714,Ikarus 412-es típusú trolibusz,TROLLEYBUS,47.49168,19.118391,,,
NYZ915,MERCEDES Citaro O 530 (BKV spec.),BUS,47.568382,19.0288,,,
T0713,Ikarus 412-es típusú trolibusz,TROLLEYBUS,47.49173,19.11866,,,
MRP058,"MAN A21 szóló (Volán, helyi, 3 ajtós)",BUS,47.432034,19.043203,,,
MMM136,MERCEDES Citaro O 530 (BKV spec.),BUS,47.56801,19.029907,,,
MRP060,"MAN A21 szóló (Volán, helyi, 3 ajtós)",BUS,47.46057,18.9404,40,Budaörsi lakótelep,Kelenföld vasútállomás M
NLZ789,Ikarus 260-as típusú autóbusz,BUS,47.4288,19.156956,,,
BPI013,Ikarus 412-es típusú autóbusz,BUS,47.428894,19.156153,,,
MRP066,"MAN A21 szóló (Volán, helyi, 3 ajtós)",BUS,47.46614,19.014906,40,Budaörsi lakótelep,Kelenföld vasútállomás M
T0721,Ikarus 412.81GT típusú trolibusz,TROLLEYBUS,47.492126,19.117434,,,
MMM140,MERCEDES Citaro O 530 (BKV spec.),BUS,47.568474,19.02984,,,
MRP065,"MAN A21 szóló (Volán, helyközi, 2 ajtós)",BUS,47.432125,19.043146,,,
BPO646,Ikarus 260-as típusú autóbusz,BUS,47.50058,19.237309,,,
V1515,TW 6000,TRAM,47.519234,19.09103,69,"Újpalota, Erdőkerülő utca",Mexikói út M
NTM432,Modulo M108d szóló autóbusz (rend.tart.),BUS,47.474823,19.042656,,,
MRP067,"MAN A21 szóló (Volán, helyi, 3 ajtós)",BUS,47.432125,19.043196,,,
MXJ015,Ikarus 127V típusú szóló autóbusz,BUS,47.473778,19.02684,,,
MRP063,"MAN A21 szóló (Volán, helyi, 3 ajtós)",BUS,47.431236,19.042757,240,Móricz Zs. körtér M,Budaörsi lakótelep
MXJ017,Ikarus 127V típusú szóló autóbusz,BUS,47.506653,19.02391,21A,Széll Kálmán tér M,Normafa
V1510,TW 6000,TRAM,47.522682,19.102161,69,"Újpalota, Erdőkerülő utca",Mexikói út M
NTM440,Modulo M108d szóló autóbusz (rend.tart.),BUS,47.48699,19.023874,,,
NTM441,Modulo M108d szóló autóbusz (rend.tart.),BUS,47.49173,19.051357,,,
V1517,TW 6000,TRAM,47.544212,19.139898,69,"Újpalota, Erdőkerülő utca",Mexikói út M
MRP070,"MAN A21 szóló (Volán, helyi, 3 ajtós)",BUS,47.465305,19.01554,40,Budaörsi lakótelep,Kelenföld vasútállomás M
NTM438,Modulo M108d szóló autóbusz (rend.tart.),BUS,47.513508,19.102219,,,
NTM439,Modulo M108d szóló autóbusz (rend.tart.),BUS,47.478477,19.049181,,,
MRP071,"MAN A21 szóló (Volán, helyközi, 2 ajtós)",BUS,47.431034,19.04274,,,
BPI020,Ikarus 412-es típusú autóbusz,BUS,47.428673,19.158188,,,
BPI021,Ikarus 412-es típusú autóbusz,BUS,47.417408,19.145506,135,"Soroksár, IKEA áruház",Millenniumtelep H
BPI019,Ikarus 412-es típusú autóbusz,BUS,47.428516,19.15659,,,
MPW633,VanHool A330 CNG típusú szóló autóbusz,BUS,47.410255,19.111685,166,Ferihegy vasútállomás,Gubacsi út / Határ út
V1461,Ganz csuklós,TRAM,47.47004,19.025665,47,Városház tér,Deák Ferenc tér M
MPW634,VanHool A330 CNG típusú szóló autóbusz,BUS,47.42797,19.158724,,,
V2221,CAF 5 modulos szerelvény,TRAM,47.52221,19.101309,3,Mexikói út M,Gubacsi út / Határ út
V4083,Tátra T5C5K,TRAM,47.470177,19.044868,41,Kamaraerdei Ifj. Park,Bécsi út / Vörösvári út
BPO248,Ikarus 412-es típusú autóbusz,BUS,47.42836,19.15775,,,
V4089,Tátra T5C5K,TRAM,47.525528,19.077805,,,
V4088,Tátra T5C5K,TRAM,47.517323,19.060814,14,"Káp.megyer, Megyeri út",Lehel tér M
MPW636,VanHool A330 CNG típusú szóló autóbusz,BUS,47.42777,19.158644,,,
MUM641,VanHool A330 CNG típusú szóló autóbusz,BUS,47.426968,19.158663,,,
BPI027,Ikarus 412-es típusú autóbusz,BUS,47.428947,19.15611,,,
BPI026,Ikarus 412-es típusú autóbusz,BUS,47.42699,19.158377,,,
LYH106,MERCEDES Citaro O 530 (BKV spec.),BUS,47.563763,19.023035,,,
LYH107,MERCEDES Citaro O 530 (BKV spec.),BUS,47.594685,19.0455,,,
T0700,Ikarus 412-es típusú trolibusz,TROLLEYBUS,47.491745,19.115377,,,
LYH109,MERCEDES Citaro O 530 (BKV spec.),BUS,47.56785,19.028765,118,Óbudai autóbuszgarázs,Szentlélek tér H
MUM642,VanHool A330 CNG típusú szóló autóbusz,BUS,47.427036,19.158337,,,
MUM640,VanHool A330 CNG típusú szóló autóbusz,BUS,47.427048,19.158926,,,
LYH104,MERCEDES Citaro O 530 (BKV spec.),BUS,47.56826,19.029284,,,
T0703,Ikarus 412-es típusú trolibusz,TROLLEYBUS,47.49891,19.070524,74,Károly körút (Astoria M),Csáktornya park
V4063,Tátra T5C5K,TRAM,47.52213,18.989998,56A,Móricz Zs. körtér M,Hűvösvölgy
V4061,Tátra T5C5K,TRAM,47.51777,18.992723,,,
V4070,Tátra T5C5K,TRAM,47.535812,18.976517,,,
MRZ398,"MAN A21 szóló (Volán, helyi, 3 ajtós)",BUS,47.56177,18.963732,164,"Solymár, PEMÜ",Hűvösvölgy
MRZ249,"MAN A21 szóló (Volán, helyi, 3 ajtós)",BUS,47.551205,18.932085,63,"Nagykovácsi, Tisza I. tér",Hűvösvölgy
V4310,Tátra T5C5K,TRAM,47.54325,18.96422,56A,Móricz Zs. körtér M,Hűvösvölgy
MRZ250,"MAN A21 szóló (Volán, helyi, 3 ajtós)",BUS,47.53753,18.965868,,,
RKM237,Volvo szóló autóbusz,BUS,47.511684,18.98921,155,Fácános tér,Széll Kálmán tér M
NTM430,Modulo M108d szóló autóbusz (rend.tart.),BUS,47.542942,18.964186,57,Hűvösvölgy,Remetekertváros
NCV287,Karsan ATAK típusú midi autóbusz,BUS,47.521626,18.99045,129,Szent Ferenc Kórház,Széll Kálmán tér M
NGC153,MERCEDES Citaro O 530 (BKV spec.),BUS,47.523167,18.99226,29,Hűvösvölgy,Szentlélek tér H
MRZ382,"MAN A21 szóló (Volán, helyi, 3 ajtós)",BUS,47.52074,18.971409,22A,"Budakeszi, Dózsa Gy. tér",Széll Kálmán tér M
MRZ375,"MAN A21 szóló (Volán, helyi, 3 ajtós)",BUS,47.57041,18.946274,64A,"Solymár, Templom tér",Hűvösvölgy
MRZ394,"MAN A21 szóló (Volán, helyi, 3 ajtós)",BUS,47.587257,18.937113,,,
MRZ386,"MAN A21 szóló (Volán, helyi, 3 ajtós)",BUS,47.507076,18.921524,922,"Budakeszi, Dózsa Gy. tér",Széll Kálmán tér M
MOS267,"Volvo 7900 csuklós (Volán, helyi, 4 ajt)",BUS,47.54285,18.96414,956,"Pécel, Kun József utca",Pesthidegkút-Hűvösvölgy
V4142,Tátra T5C5K,TRAM,47.51839,18.993185,,,
NGC024,Modulo M108d szóló autóbusz,BUS,47.504208,18.990627,,,
NTP541,Modulo M108d szóló autóbusz,BUS,47.505676,18.99578,21A,Széll Kálmán tér M,Normafa
V4105,Tátra T5C5K,TRAM,47.5182,18.993443,,,
MRP062,"MAN A21 szóló (Volán, helyközi, 2 ajtós)",BUS,47.586555,18.995905,218,"Solymár, Auchan áruház",Szentlélek tér H
V4086,Tátra T5C5K,TRAM,47.521954,18.990374,61,Móricz Zs. körtér M,Hűvösvölgy
MPV998,Solaris Urbino 10 típusú midi autóbusz,BUS,47.56687,18.94204,157,"Solymár, Kerekhegy",Hűvösvölgy
MXJ005,Ikarus 127V típusú szóló autóbusz,BUS,47.500755,18.965773,,,
V4095,Tátra T5C5K,TRAM,47.517803,18.993752,,,
